model,experiment,region_name,horizon,n,MAE,RMSE,MASE,sMAPE,modell
naive,naive,Blekinge län,1,47.0,62.42553191489362,78.04036053440825,0.6166602940582749,30.55385058279872,Naive
naive,naive,Blekinge län,3,45.0,63.22222222222222,81.11624032488466,0.6245302675149756,29.120471007379255,Naive
naive,naive,Blekinge län,6,42.0,80.23809523809524,98.92445410032657,0.792618755281999,37.287535906943134,Naive
naive,naive,Dalarnas län,1,47.0,477.74468085106383,743.6938857787395,1.1768092923435522,26.574527814645943,Naive
naive,naive,Dalarnas län,3,45.0,869.7777777777778,1092.3913014829236,2.1424886810658355,49.58592988565341,Naive
naive,naive,Dalarnas län,6,42.0,890.9285714285714,1204.5956148177258,2.1945885819257565,51.04226285431969,Naive
naive,naive,Gotlands län,1,47.0,45.659574468085104,65.03583300356877,0.9911386657899267,45.030246698118084,Naive
naive,naive,Gotlands län,3,45.0,46.8,63.10132944540692,1.0158940397350993,47.59779313105866,Naive
naive,naive,Gotlands län,6,42.0,59.26190476190476,77.18052431367212,1.286406321174533,59.099193536715724,Naive
naive,naive,Gävleborgs län,1,47.0,597.2340425531914,1227.2070695238688,1.1419388958952035,27.876381274296524,Naive
naive,naive,Gävleborgs län,3,45.0,1252.0666666666666,2094.850167010095,2.3940089228808157,52.0509680184003,Naive
naive,naive,Gävleborgs län,6,42.0,1214.0,2284.63475251099,2.3212237093690247,48.06916000241457,Naive
naive,naive,Götaland,1,47.0,863.063829787234,1086.0142038959848,0.5769230398369277,18.75438360457044,Naive
naive,naive,Götaland,3,45.0,1077.2888888888888,1310.597590583946,0.7201237719735536,22.556852370501016,Naive
naive,naive,Götaland,6,42.0,1348.7857142857142,1554.7162273608158,0.901608348673548,27.923825226451214,Naive
naive,naive,Hallands län,1,47.0,71.93617021276596,90.04809589584937,0.5784699526445675,28.818759305487312,Naive
naive,naive,Hallands län,3,45.0,68.73333333333333,86.39071452161717,0.5527145518150016,26.824965710961703,Naive
naive,naive,Hallands län,6,42.0,98.0,115.2983706984374,0.788060515196947,38.212439232656706,Naive
naive,naive,Hela landet,1,47.0,3913.6170212765956,4749.960783712694,1.0593502881414119,19.388572889535233,Naive
naive,naive,Hela landet,3,45.0,4580.266666666666,5782.303055204062,1.2398011319756355,21.912707061664214,Naive
naive,naive,Hela landet,6,42.0,5490.785714285715,6561.335101145483,1.486263320332239,25.954127002679765,Naive
naive,naive,Jämtlands län,1,47.0,476.0851063829787,615.1976330087547,0.7864108090205427,20.434539101214938,Naive
naive,naive,Jämtlands län,3,45.0,590.0222222222222,769.4688644339896,0.9746153511145952,24.927804076571945,Naive
naive,naive,Jämtlands län,6,42.0,755.8333333333334,940.2240994267574,1.248506821957183,31.605818371199707,Naive
naive,naive,Jönköpings län,1,47.0,173.0212765957447,248.60564345454188,0.6933072072228292,27.483090520263566,Naive
naive,naive,Jönköpings län,3,45.0,191.77777777777777,272.42295546937055,0.7684656947085635,29.57596380373643,Naive
naive,naive,Jönköpings län,6,42.0,215.07142857142858,265.9452593154857,0.8618048278806226,33.856472601749154,Naive
naive,naive,Kalmar län,1,47.0,152.80851063829786,198.47246446027765,0.5401211435214218,22.598570809366546,Naive
naive,naive,Kalmar län,3,45.0,178.9777777777778,212.56821127450934,0.6326197513113401,25.694780076486484,Naive
naive,naive,Kalmar län,6,42.0,211.52380952380952,247.80387790501163,0.7476578457886869,30.017403372035368,Naive
naive,naive,Kronobergs län,1,47.0,124.40425531914893,166.188114381571,0.6087626328132858,25.641319019450105,Naive
naive,naive,Kronobergs län,3,45.0,132.75555555555556,176.81214136289773,0.6496290767004875,27.420136765153774,Naive
naive,naive,Kronobergs län,6,42.0,147.0952380952381,189.92667758148895,0.7197992077315292,29.417190521812252,Naive
naive,naive,Norra Norrland,1,47.0,1343.063829787234,1710.999048708342,1.1836814560970577,28.845990223776347,Naive
naive,naive,Norra Norrland,3,45.0,1694.6444444444444,2143.2268143567485,1.4935397403149215,35.63219117225546,Naive
naive,naive,Norra Norrland,6,42.0,2140.6428571428573,2498.1536086439824,1.8866111929527802,45.36723244332406,Naive
naive,naive,Norrbottens län,1,47.0,527.2553191489362,647.0643527468845,0.9001089060614935,28.926252002878687,Naive
naive,naive,Norrbottens län,3,45.0,708.2222222222222,905.3850991582409,1.2090482666383746,38.37200801312827,Naive
naive,naive,Norrbottens län,6,42.0,870.4047619047619,997.733300083363,1.48591972354764,46.41841694727164,Naive
naive,naive,Skåne län,1,47.0,145.7872340425532,188.2099325843465,0.7198666636593181,32.92973468773045,Naive
naive,naive,Skåne län,3,45.0,136.55555555555554,178.6425978812942,0.6742825791813126,29.782560870355734,Naive
naive,naive,Skåne län,6,42.0,157.76190476190476,207.33432858435143,0.7789950661958697,34.52773137359196,Naive
naive,naive,Stockholms län,1,47.0,97.36170212765957,122.24217331252832,1.0016286705373871,35.75276641412097,Naive
naive,naive,Stockholms län,3,45.0,112.93333333333334,143.81175967987534,1.161825050857309,39.0921152634807,Naive
naive,naive,Stockholms län,6,42.0,106.9047619047619,135.2905163325346,1.0998048739984223,36.9891674065664,Naive
naive,naive,Svealand,1,47.0,1087.1914893617022,1352.3162320586712,1.0473735426471666,20.777586428288643,Naive
naive,naive,Svealand,3,45.0,1554.7111111111112,1934.1180131752274,1.4977704481419194,28.88888940299685,Naive
naive,naive,Svealand,6,42.0,1514.547619047619,1872.2310284282557,1.4590779276620924,27.565508241063824,Naive
naive,naive,Södermanlands län,1,47.0,118.76595744680851,164.27597433794404,0.7526521470850379,28.40839494167789,Naive
naive,naive,Södermanlands län,3,45.0,161.3111111111111,227.24577981657754,1.0222723475355056,34.789196580308044,Naive
naive,naive,Södermanlands län,6,42.0,188.26190476190476,262.0505676391486,1.1930668508004707,40.36763063056949,Naive
naive,naive,Södra Norrland,1,47.0,1343.7021276595744,1850.0167336793515,1.0397216013873052,22.46437242877213,Naive
naive,naive,Södra Norrland,3,45.0,1875.6,2517.217767474417,1.451290278864607,29.13637497392758,Naive
naive,naive,Södra Norrland,6,42.0,2037.047619047619,2894.6815928197566,1.5762142285711787,31.24368923825068,Naive
naive,naive,Uppsala län,1,47.0,144.38297872340425,202.44736641955302,0.9016295242041543,23.698866621984237,Naive
naive,naive,Uppsala län,3,45.0,206.64444444444445,278.6186960305747,1.290434189481607,33.946967540117925,Naive
naive,naive,Uppsala län,6,42.0,154.52380952380952,211.01726401952453,0.9649560501592677,25.758839632741047,Naive
naive,naive,Värmlands län,1,47.0,359.72340425531917,421.8072313575621,1.070911488574409,25.517813947775696,Naive
naive,naive,Värmlands län,3,45.0,469.8222222222222,585.3475320980975,1.3986802343509097,32.10609550463348,Naive
naive,naive,Värmlands län,6,42.0,458.1904761904762,564.0234290979663,1.3640520441630526,30.985955771079322,Naive
naive,naive,Västerbottens län,1,47.0,879.468085106383,1262.8650388632107,1.0489895351884808,29.538603979168453,Naive
naive,naive,Västerbottens län,3,45.0,1131.0666666666666,1456.1058264349394,1.349084880994097,38.6073060464831,Naive
naive,naive,Västerbottens län,6,42.0,1420.404761904762,1718.6671122870603,1.6941942023851242,50.34643759099604,Naive
naive,naive,Västernorrlands län,1,47.0,525.4468085106383,727.766738407242,0.9148722688463573,27.419681784676836,Naive
naive,naive,Västernorrlands län,3,45.0,571.0444444444445,765.8680623246336,0.9942637733052655,29.376417080818502,Naive
naive,naive,Västernorrlands län,6,42.0,591.2380952380952,771.0591046457741,1.0294235855234497,30.378990172787418,Naive
naive,naive,Västmanlands län,1,47.0,87.97872340425532,113.41760529780798,0.4263678789407549,27.771251513359203,Naive
naive,naive,Västmanlands län,3,45.0,123.64444444444445,147.69187143810214,0.5992132811287865,37.32733162938731,Naive
naive,naive,Västmanlands län,6,42.0,82.02380952380952,105.13902361023848,0.39750881049514786,24.017539584770134,Naive
naive,naive,Västra Götalands län,1,47.0,273.27659574468083,327.7354927246809,0.6481388930148938,21.227424503444116,Naive
naive,naive,Västra Götalands län,3,45.0,372.68888888888887,450.8045400540386,0.8839182266053858,28.27240494742189,Naive
naive,naive,Västra Götalands län,6,42.0,396.0952380952381,453.277324971516,0.939431817964292,29.728581251870658,Naive
naive,naive,Örebro län,1,47.0,131.53191489361703,165.40498333072767,0.6659748537150356,25.85576436780659,Naive
naive,naive,Örebro län,3,45.0,189.53333333333333,234.72371465666228,0.9596487213227302,35.46082919637915,Naive
naive,naive,Örebro län,6,42.0,164.83333333333334,199.42721550910318,0.8345872189484524,31.035199017398853,Naive
naive,naive,Östergötlands län,1,47.0,175.82978723404256,221.01612533834376,0.8518838403751549,26.270999353309787,Naive
naive,naive,Östergötlands län,3,45.0,208.9111111111111,268.2723740280886,1.0121606948968511,31.222328522246084,Naive
naive,naive,Östergötlands län,6,42.0,264.5952380952381,329.4990064296025,1.2819466548834515,38.5871203902014,Naive
seasonal_naive,seasonal_naive,Blekinge län,1,47.0,74.85106382978724,93.94634050146402,0.7394038563384496,35.154873739902285,Seasonal Naive
seasonal_naive,seasonal_naive,Blekinge län,3,45.0,75.2,94.88214912312127,0.7428507645942628,35.533057770629014,Seasonal Naive
seasonal_naive,seasonal_naive,Blekinge län,6,42.0,77.5,97.05729775559924,0.7655709342560554,37.0070443177436,Seasonal Naive
seasonal_naive,seasonal_naive,Dalarnas län,1,47.0,433.8085106382979,852.8098114281314,1.0685830881621399,24.975176126652137,Seasonal Naive
seasonal_naive,seasonal_naive,Dalarnas län,3,45.0,444.77777777777777,869.8810518941336,1.0956032435240852,25.69560713126442,Seasonal Naive
seasonal_naive,seasonal_naive,Dalarnas län,6,42.0,469.5,899.8772006171043,1.156500501002004,26.758983060140164,Seasonal Naive
seasonal_naive,seasonal_naive,Gotlands län,1,47.0,60.87234042553192,74.89808678634802,1.321364269722731,64.27968067594351,Seasonal Naive
seasonal_naive,seasonal_naive,Gotlands län,3,45.0,60.91111111111111,75.17076855031112,1.3222058703294906,64.80061453001488,Seasonal Naive
seasonal_naive,seasonal_naive,Gotlands län,6,42.0,57.23809523809524,69.50402523458281,1.2424752093626266,62.08657122743456,Seasonal Naive
seasonal_naive,seasonal_naive,Gävleborgs län,1,47.0,696.1702127659574,1586.4566968763534,1.331109393433953,30.4930143299263,Seasonal Naive
seasonal_naive,seasonal_naive,Gävleborgs län,3,45.0,714.8444444444444,1620.0658697170995,1.3668153813469301,31.181446296173004,Seasonal Naive
seasonal_naive,seasonal_naive,Gävleborgs län,6,42.0,747.5238095238095,1675.4762507020703,1.4292998270053718,31.470461895919,Seasonal Naive
seasonal_naive,seasonal_naive,Götaland,1,47.0,1150.7446808510638,1450.6974771511689,0.7692259789365012,24.47731268750912,Seasonal Naive
seasonal_naive,seasonal_naive,Götaland,3,45.0,1168.9777777777779,1474.2427359307028,0.7814140620672639,25.07520555459707,Seasonal Naive
seasonal_naive,seasonal_naive,Götaland,6,42.0,1202.2142857142858,1509.0457643980249,0.8036313147553084,25.958063042386154,Seasonal Naive
seasonal_naive,seasonal_naive,Hallands län,1,47.0,81.63829787234043,110.73036063319512,0.6564889702150859,32.421274753274105,Seasonal Naive
seasonal_naive,seasonal_naive,Hallands län,3,45.0,84.66666666666667,113.12254908333313,0.6808413974830767,33.675127380385184,Seasonal Naive
seasonal_naive,seasonal_naive,Hallands län,6,42.0,86.11904761904762,114.6043920042625,0.6925206228054804,34.03291489637017,Seasonal Naive
seasonal_naive,seasonal_naive,Hela landet,1,47.0,3041.3829787234044,3724.64079376162,0.8232512065802661,15.211900970883491,Seasonal Naive
seasonal_naive,seasonal_naive,Hela landet,3,45.0,3094.9555555555557,3784.330796558062,0.8377524018671533,15.591920849707458,Seasonal Naive
seasonal_naive,seasonal_naive,Hela landet,6,42.0,3084.809523809524,3785.8590268826138,0.8350060417621104,15.53066129024635,Seasonal Naive
seasonal_naive,seasonal_naive,Jämtlands län,1,47.0,612.063829787234,777.1799129038762,1.0110243002812813,26.672200786569718,Seasonal Naive
seasonal_naive,seasonal_naive,Jämtlands län,3,45.0,631.0666666666667,793.2854887533659,1.0424137223062135,27.57431706734671,Seasonal Naive
seasonal_naive,seasonal_naive,Jämtlands län,6,42.0,611.6666666666666,772.6530361589957,1.0103682550348096,26.8412946073039,Seasonal Naive
seasonal_naive,seasonal_naive,Jönköpings län,1,47.0,226.0,317.6727876290319,0.9055963053518066,34.94761921338128,Seasonal Naive
seasonal_naive,seasonal_naive,Jönköpings län,3,45.0,232.06666666666666,323.81239424498045,0.9299058226931087,36.084830304921596,Seasonal Naive
seasonal_naive,seasonal_naive,Jönköpings län,6,42.0,244.88095238095238,334.75253830966227,0.9812534766691247,38.143192421827216,Seasonal Naive
seasonal_naive,seasonal_naive,Kalmar län,1,47.0,202.38297872340425,242.52685747303263,0.7153484150899143,29.027952473618974,Seasonal Naive
seasonal_naive,seasonal_naive,Kalmar län,3,45.0,204.44444444444446,245.43992249745264,0.7226349282424049,29.696175763318344,Seasonal Naive
seasonal_naive,seasonal_naive,Kalmar län,6,42.0,200.16666666666666,243.9826789324349,0.7075145778416806,29.666461038509123,Seasonal Naive
seasonal_naive,seasonal_naive,Kronobergs län,1,47.0,140.82978723404256,199.51670329477938,0.6891397069593191,27.673325172131126,Seasonal Naive
seasonal_naive,seasonal_naive,Kronobergs län,3,45.0,140.13333333333333,200.7694089136977,0.6857316634873241,27.76813854140124,Seasonal Naive
seasonal_naive,seasonal_naive,Kronobergs län,6,42.0,146.85714285714286,207.31802117703592,0.718634107039183,29.012111748455883,Seasonal Naive
seasonal_naive,seasonal_naive,Norra Norrland,1,47.0,1142.7659574468084,1549.5604318370076,1.0071530797632116,25.551424387161276,Seasonal Naive
seasonal_naive,seasonal_naive,Norra Norrland,3,45.0,1159.7111111111112,1575.460673369327,1.022087339564049,26.104758993093597,Seasonal Naive
seasonal_naive,seasonal_naive,Norra Norrland,6,42.0,1147.595238095238,1548.3919846393026,1.011409266120892,25.639361126655523,Seasonal Naive
seasonal_naive,seasonal_naive,Norrbottens län,1,47.0,289.531914893617,345.80981121407603,0.49427714756001784,17.792163133966266,Seasonal Naive
seasonal_naive,seasonal_naive,Norrbottens län,3,45.0,289.7111111111111,343.89038951386823,0.4945830640779571,18.11570189740453,Seasonal Naive
seasonal_naive,seasonal_naive,Norrbottens län,6,42.0,281.45238095238096,338.49235062047035,0.480484094757684,16.72413059019515,Seasonal Naive
seasonal_naive,seasonal_naive,Skåne län,1,47.0,158.27659574468086,192.12113864667162,0.7815365018916619,35.73716469662371,Seasonal Naive
seasonal_naive,seasonal_naive,Skåne län,3,45.0,163.15555555555557,196.0742489750021,0.8056277780877458,36.89676662815663,Seasonal Naive
seasonal_naive,seasonal_naive,Skåne län,6,42.0,165.85714285714286,199.94856481462568,0.818967647316696,37.3978837814615,Seasonal Naive
seasonal_naive,seasonal_naive,Stockholms län,1,47.0,130.51063829787233,162.61362639508937,1.3426552152701774,40.85115890672969,Seasonal Naive
seasonal_naive,seasonal_naive,Stockholms län,3,45.0,133.42222222222222,165.6172293774614,1.372608737770028,42.040088288375834,Seasonal Naive
seasonal_naive,seasonal_naive,Stockholms län,6,42.0,131.76190476190476,162.84962388657826,1.3555278781085234,42.86006668844427,Seasonal Naive
seasonal_naive,seasonal_naive,Svealand,1,47.0,821.3829787234042,1066.8183258763095,0.7913001607478545,15.863909517139424,Seasonal Naive
seasonal_naive,seasonal_naive,Svealand,3,45.0,827.7111111111111,1076.9858453624686,0.797396527857152,16.210616754480323,Seasonal Naive
seasonal_naive,seasonal_naive,Svealand,6,42.0,855.4761904761905,1097.0841440143136,0.8241447224677961,16.874371694502365,Seasonal Naive
seasonal_naive,seasonal_naive,Södermanlands län,1,47.0,187.48936170212767,249.5117785988759,1.1881710354914643,37.835053329036036,Seasonal Naive
seasonal_naive,seasonal_naive,Södermanlands län,3,45.0,192.77777777777777,254.5209443466512,1.2216851652941878,39.27322948481227,Seasonal Naive
seasonal_naive,seasonal_naive,Södermanlands län,6,42.0,202.04761904761904,262.7082393980422,1.2804306685080047,41.53574783778717,Seasonal Naive
seasonal_naive,seasonal_naive,Södra Norrland,1,47.0,1275.7446808510638,1754.0934980781383,0.9871379044745038,21.19040974991735,Seasonal Naive
seasonal_naive,seasonal_naive,Södra Norrland,3,45.0,1317.111111111111,1790.0038485371415,1.0191461674877995,21.91295983680365,Seasonal Naive
seasonal_naive,seasonal_naive,Södra Norrland,6,42.0,1310.9761904761904,1803.5341825479902,1.0143991261788496,21.258559726462195,Seasonal Naive
seasonal_naive,seasonal_naive,Uppsala län,1,47.0,172.0,222.10214249783286,1.0740897544453851,27.170559194684046,Seasonal Naive
seasonal_naive,seasonal_naive,Uppsala län,3,45.0,172.6888888888889,222.29065057562212,1.078391664314611,27.619169214090277,Seasonal Naive
seasonal_naive,seasonal_naive,Uppsala län,6,42.0,174.4047619047619,226.5292475597798,1.0891067900487883,28.22833276052932,Seasonal Naive
seasonal_naive,seasonal_naive,Värmlands län,1,47.0,294.27659574468083,368.0702118496739,0.8760736262182913,20.719877075119943,Seasonal Naive
seasonal_naive,seasonal_naive,Värmlands län,3,45.0,301.22222222222223,374.9029800420963,0.8967510442071035,21.329308952774255,Seasonal Naive
seasonal_naive,seasonal_naive,Värmlands län,6,42.0,306.6666666666667,381.62366154055366,0.9129593810444875,21.80398958262232,Seasonal Naive
seasonal_naive,seasonal_naive,Västerbottens län,1,47.0,1053.2553191489362,1501.5357174034516,1.256275044403904,37.543855939790035,Seasonal Naive
seasonal_naive,seasonal_naive,Västerbottens län,3,45.0,1077.7777777777778,1529.8078165428346,1.2855243178162934,38.55508174645721,Seasonal Naive
seasonal_naive,seasonal_naive,Västerbottens län,6,42.0,1054.6904761904761,1516.4921066473803,1.257986834454529,37.74599448506241,Seasonal Naive
seasonal_naive,seasonal_naive,Västernorrlands län,1,47.0,450.0851063829787,649.9543682837002,0.7836575953666925,23.07933373680085,Seasonal Naive
seasonal_naive,seasonal_naive,Västernorrlands län,3,45.0,452.4,657.7142574434923,0.7876881307914773,23.349610875091717,Seasonal Naive
seasonal_naive,seasonal_naive,Västernorrlands län,6,42.0,442.2142857142857,653.9327728662721,0.7699534573907472,21.9742240814895,Seasonal Naive
seasonal_naive,seasonal_naive,Västmanlands län,1,47.0,110.91489361702128,133.49181184547325,0.5375225520962891,30.488384280614707,Seasonal Naive
seasonal_naive,seasonal_naive,Västmanlands län,3,45.0,112.33333333333333,135.0426270149952,0.5443966815431371,31.277795453847222,Seasonal Naive
seasonal_naive,seasonal_naive,Västmanlands län,6,42.0,112.64285714285714,136.20965982106932,0.5458967147902887,31.78084453551414,Seasonal Naive
seasonal_naive,seasonal_naive,Västra Götalands län,1,47.0,343.9574468085106,419.5674571077097,0.8157749411771078,25.880661884816558,Seasonal Naive
seasonal_naive,seasonal_naive,Västra Götalands län,3,45.0,339.22222222222223,418.1268016071467,0.8045442567009251,25.943957728762623,Seasonal Naive
seasonal_naive,seasonal_naive,Västra Götalands län,6,42.0,344.1190476190476,426.36584447318637,0.8161582150179076,26.544367733417083,Seasonal Naive
seasonal_naive,seasonal_naive,Örebro län,1,47.0,140.06382978723406,165.2162348418555,0.7091738049184858,26.20895877017904,Seasonal Naive
seasonal_naive,seasonal_naive,Örebro län,3,45.0,140.73333333333332,165.83586262727775,0.7125636478059385,26.776222921845793,Seasonal Naive
seasonal_naive,seasonal_naive,Örebro län,6,42.0,138.23809523809524,165.00721484947545,0.699929711572254,26.416898476571944,Seasonal Naive
seasonal_naive,seasonal_naive,Östergötlands län,1,47.0,209.95744680851064,270.74043469478914,1.0172301230423557,31.078948100372607,Seasonal Naive
seasonal_naive,seasonal_naive,Östergötlands län,3,45.0,214.82222222222222,275.46699741832356,1.040799642332503,32.04574951809439,Seasonal Naive
seasonal_naive,seasonal_naive,Östergötlands län,6,42.0,214.42857142857142,276.01285339290854,1.0388924299361437,32.658387373267914,Seasonal Naive
timesfm_cal,CAL,Blekinge län,1,47.0,42.99931887362866,57.65488412812734,0.424761660934941,21.213508812593744,TimesFM C (+kalender)
timesfm_cal,CAL,Blekinge län,3,45.0,48.60223829481337,64.68212662262356,0.4801091739134929,24.453425161357067,TimesFM C (+kalender)
timesfm_cal,CAL,Blekinge län,6,42.0,54.31254395984468,73.69738050073192,0.5365174841440177,27.199623330563988,TimesFM C (+kalender)
timesfm_cal,CAL,Dalarnas län,1,47.0,356.8195060567653,723.1375714467629,0.8789391640509833,19.080077346262833,TimesFM C (+kalender)
timesfm_cal,CAL,Dalarnas län,3,45.0,473.30154486762154,935.059752857635,1.165864693853944,26.060117746137944,TimesFM C (+kalender)
timesfm_cal,CAL,Dalarnas län,6,42.0,484.42055257161456,936.3484233896952,1.193253699136826,26.934796175537084,TimesFM C (+kalender)
timesfm_cal,CAL,Gotlands län,1,47.0,37.57336937113011,50.71216206962461,0.8156102990789833,40.99230240726487,TimesFM C (+kalender)
timesfm_cal,CAL,Gotlands län,3,45.0,39.745015970865886,51.85817028760034,0.8627505306405766,44.70710008911786,TimesFM C (+kalender)
timesfm_cal,CAL,Gotlands län,6,42.0,41.86088916233608,50.739827301044336,0.9086800811544623,49.397880979652356,TimesFM C (+kalender)
timesfm_cal,CAL,Gävleborgs län,1,47.0,497.9632529400765,1213.5154052995488,0.9521285907076033,21.37313457500818,TimesFM C (+kalender)
timesfm_cal,CAL,Gävleborgs län,3,45.0,751.9931532118055,1696.352737806357,1.4378454172309858,31.1678766327867,TimesFM C (+kalender)
timesfm_cal,CAL,Gävleborgs län,6,42.0,778.2837117513021,1746.8279464512136,1.4881141716086084,32.65717871027509,TimesFM C (+kalender)
timesfm_cal,CAL,Götaland,1,47.0,651.1243454953458,801.7083044380391,0.435250121427996,13.887674115358466,TimesFM C (+kalender)
timesfm_cal,CAL,Götaland,3,45.0,919.6991807725694,1084.8825003327436,0.6147814666704865,19.271978027378232,TimesFM C (+kalender)
timesfm_cal,CAL,Götaland,6,42.0,1073.2171688988096,1309.7851118960666,0.717401992896541,22.63110013497856,TimesFM C (+kalender)
timesfm_cal,CAL,Hallands län,1,47.0,51.14716387809591,68.41196694165748,0.4112965338432137,20.68375810106883,TimesFM C (+kalender)
timesfm_cal,CAL,Hallands län,3,45.0,55.71000196668837,72.74841282312346,0.4479882944029731,22.64020298465535,TimesFM C (+kalender)
timesfm_cal,CAL,Hallands län,6,42.0,66.00051044282459,88.07345552872484,0.5307387373758554,26.94465639758562,TimesFM C (+kalender)
timesfm_cal,CAL,Hela landet,1,47.0,2418.5062333776596,3142.3199323153967,0.6546489503882785,12.241629760284088,TimesFM C (+kalender)
timesfm_cal,CAL,Hela landet,3,45.0,3540.349782986111,4151.346847141522,0.9583131262814122,17.843893415402256,TimesFM C (+kalender)
timesfm_cal,CAL,Hela landet,6,42.0,3685.2733444940477,4228.585882637404,0.9975414963051692,18.371200345514442,TimesFM C (+kalender)
timesfm_cal,CAL,Jämtlands län,1,47.0,421.46974474318483,562.7406755540474,0.6961956139718882,18.81202241951797,TimesFM C (+kalender)
timesfm_cal,CAL,Jämtlands län,3,45.0,540.09033203125,682.8238021655111,0.8921364463252072,24.278755564073855,TimesFM C (+kalender)
timesfm_cal,CAL,Jämtlands län,6,42.0,549.2827497209821,677.5251641086958,0.9073207411819795,24.540703211774485,TimesFM C (+kalender)
timesfm_cal,CAL,Jönköpings län,1,47.0,139.41837651678856,202.86026713015755,0.5586582596095168,22.68219116098898,TimesFM C (+kalender)
timesfm_cal,CAL,Jönköpings län,3,45.0,167.8868401421441,231.55249213030413,0.6727331953536065,26.720251878435597,TimesFM C (+kalender)
timesfm_cal,CAL,Jönköpings län,6,42.0,193.24017769949776,261.5697774915911,0.7743256237619104,31.274466764599673,TimesFM C (+kalender)
timesfm_cal,CAL,Kalmar län,1,47.0,118.35428830410572,147.40830784451927,0.41833830637085057,17.579861204205,TimesFM C (+kalender)
timesfm_cal,CAL,Kalmar län,3,45.0,150.44696723090277,182.52850933106185,0.5317739675666945,21.864413413514818,TimesFM C (+kalender)
timesfm_cal,CAL,Kalmar län,6,42.0,175.4354451497396,203.26897334821055,0.6200989254633739,25.543511796703577,TimesFM C (+kalender)
timesfm_cal,CAL,Kronobergs län,1,47.0,99.18270809092421,134.48853440904296,0.4853429358351603,20.22322096547942,TimesFM C (+kalender)
timesfm_cal,CAL,Kronobergs län,3,45.0,111.30162285698785,147.81451690673254,0.5446459109697506,23.018557442512268,TimesFM C (+kalender)
timesfm_cal,CAL,Kronobergs län,6,42.0,122.53091358003162,160.83025199221657,0.5995955794328494,25.13701930236764,TimesFM C (+kalender)
timesfm_cal,CAL,Norra Norrland,1,47.0,737.4973456200133,1091.7451962457278,0.6499779925348043,16.54936733891907,TimesFM C (+kalender)
timesfm_cal,CAL,Norra Norrland,3,45.0,792.0384874131944,1192.9107037190936,0.6980466968682209,18.430889487599423,TimesFM C (+kalender)
timesfm_cal,CAL,Norra Norrland,6,42.0,785.1232328869048,1086.5521977799551,0.6919520806888416,18.6308669015015,TimesFM C (+kalender)
timesfm_cal,CAL,Norrbottens län,1,47.0,289.0297072390293,355.5556425127265,0.49341979901146965,16.83943840043043,TimesFM C (+kalender)
timesfm_cal,CAL,Norrbottens län,3,45.0,309.3534261067708,361.58862120850955,0.5281156279443527,18.784835323938637,TimesFM C (+kalender)
timesfm_cal,CAL,Norrbottens län,6,42.0,323.6079857235863,371.53598534282935,0.552450434246147,18.887320181954873,TimesFM C (+kalender)
timesfm_cal,CAL,Skåne län,1,47.0,107.08577452314661,144.43229454185786,0.5287670058192532,24.205815713389516,TimesFM C (+kalender)
timesfm_cal,CAL,Skåne län,3,45.0,114.78356391059027,150.57074334299924,0.5667770689107426,25.865139181188983,TimesFM C (+kalender)
timesfm_cal,CAL,Skåne län,6,42.0,123.87025306338356,158.83926649230673,0.611645226586478,27.995903919966246,TimesFM C (+kalender)
timesfm_cal,CAL,Stockholms län,1,47.0,85.65408162867769,101.64183264134694,0.8811841004519588,31.405606088104797,TimesFM C (+kalender)
timesfm_cal,CAL,Stockholms län,3,45.0,90.02853834364149,108.86791716148852,0.9261872296904704,32.55746524044671,TimesFM C (+kalender)
timesfm_cal,CAL,Stockholms län,6,42.0,92.3395015171596,110.24709607487897,0.949961741850465,34.10214537844057,TimesFM C (+kalender)
timesfm_cal,CAL,Svealand,1,47.0,687.3695561835107,946.264653724218,0.6621949253764043,13.56002754849031,TimesFM C (+kalender)
timesfm_cal,CAL,Svealand,3,45.0,997.0669759114584,1225.5927033257556,0.9605498028962665,19.84752871379369,TimesFM C (+kalender)
timesfm_cal,CAL,Svealand,6,42.0,1022.1859305245536,1264.993153433063,0.9847487859991944,19.845970725540102,TimesFM C (+kalender)
timesfm_cal,CAL,Södermanlands län,1,47.0,94.62447730531083,124.3200559310149,0.5996610269616907,22.8093630207434,TimesFM C (+kalender)
timesfm_cal,CAL,Södermanlands län,3,45.0,125.4784915500217,163.77576630286438,0.7951912998336499,29.411509020728705,TimesFM C (+kalender)
timesfm_cal,CAL,Södermanlands län,6,42.0,163.19735499790735,209.30139368772322,1.034225987634429,35.70780403293291,TimesFM C (+kalender)
timesfm_cal,CAL,Södra Norrland,1,47.0,1095.3653382646276,1646.5570351994313,0.8475650816958284,18.096265498436402,TimesFM C (+kalender)
timesfm_cal,CAL,Södra Norrland,3,45.0,1562.4028483072916,2107.3251123443406,1.2089465053416215,25.92872599299169,TimesFM C (+kalender)
timesfm_cal,CAL,Södra Norrland,6,42.0,1574.3400472005208,2117.6586531471507,1.2181831979789732,26.068982083920726,TimesFM C (+kalender)
timesfm_cal,CAL,Uppsala län,1,47.0,115.49643463784076,153.64409687731376,0.7212414948806737,19.409655213031346,TimesFM C (+kalender)
timesfm_cal,CAL,Uppsala län,3,45.0,129.5202894422743,166.5311600770228,0.8088163714113235,22.294230308112947,TimesFM C (+kalender)
timesfm_cal,CAL,Uppsala län,6,42.0,137.08368355887276,168.15434172702274,0.8560475582105729,23.90081693650861,TimesFM C (+kalender)
timesfm_cal,CAL,Värmlands län,1,47.0,204.98458927235706,249.45779947854282,0.610247620910053,14.866610729309018,TimesFM C (+kalender)
timesfm_cal,CAL,Värmlands län,3,45.0,243.50198432074652,297.65918516160355,0.7249155028975214,17.737769372714638,TimesFM C (+kalender)
timesfm_cal,CAL,Värmlands län,6,42.0,265.342282249814,336.7144935612853,0.7899349753295278,19.073442077956066,TimesFM C (+kalender)
timesfm_cal,CAL,Västerbottens län,1,47.0,604.6398821891622,1008.6234203552991,0.7211869534723424,21.753984919175622,TimesFM C (+kalender)
timesfm_cal,CAL,Västerbottens län,3,45.0,680.1938422309028,1061.5788612961344,0.8113042809433529,25.32987474693674,TimesFM C (+kalender)
timesfm_cal,CAL,Västerbottens län,6,42.0,653.0858241489956,984.0220697209148,0.7789710698022334,25.43650778857578,TimesFM C (+kalender)
timesfm_cal,CAL,Västernorrlands län,1,47.0,392.3998789685838,568.0089134966423,0.6832199982041682,21.259091259433795,TimesFM C (+kalender)
timesfm_cal,CAL,Västernorrlands län,3,45.0,445.29174262152776,611.7152392186089,0.7753117161857445,24.346325469814836,TimesFM C (+kalender)
timesfm_cal,CAL,Västernorrlands län,6,42.0,434.7049560546875,610.1976346482376,0.7568787229896289,23.099611159995103,TimesFM C (+kalender)
timesfm_cal,CAL,Västmanlands län,1,47.0,66.80983165984458,83.61149235620341,0.32377789896209214,20.12334055103145,TimesFM C (+kalender)
timesfm_cal,CAL,Västmanlands län,3,45.0,80.10228373209635,104.38163298368636,0.3881965944906238,23.73770235520641,TimesFM C (+kalender)
timesfm_cal,CAL,Västmanlands län,6,42.0,90.5927000499907,109.68012522108886,0.43903589269360005,27.035505949896432,TimesFM C (+kalender)
timesfm_cal,CAL,Västra Götalands län,1,47.0,246.55212791929853,294.22795321126046,0.5847556129884608,18.76708127152191,TimesFM C (+kalender)
timesfm_cal,CAL,Västra Götalands län,3,45.0,273.2182142469618,335.8973963378427,0.6480004277387107,21.51392881570433,TimesFM C (+kalender)
timesfm_cal,CAL,Västra Götalands län,6,42.0,310.8744274321057,365.28852180084186,0.7373108798923034,23.877919056787412,TimesFM C (+kalender)
timesfm_cal,CAL,Örebro län,1,47.0,102.44209906395446,122.98335067023949,0.518686753656386,19.82397278945485,TimesFM C (+kalender)
timesfm_cal,CAL,Örebro län,3,45.0,127.3694098578559,151.66775906435595,0.644899180297514,23.990637768184126,TimesFM C (+kalender)
timesfm_cal,CAL,Örebro län,6,42.0,131.86155482700892,162.66992865322118,0.6676438927965151,24.574010349762514,TimesFM C (+kalender)
timesfm_cal,CAL,Östergötlands län,1,47.0,136.2390084773936,178.5365504419988,0.6600691019215139,20.49413071067737,TimesFM C (+kalender)
timesfm_cal,CAL,Östergötlands län,3,45.0,159.58247816297742,204.7856211070418,0.7731666886061096,24.30704802201665,TimesFM C (+kalender)
timesfm_cal,CAL,Östergötlands län,6,42.0,170.6312735421317,217.75341342585122,0.8266973809147158,26.941745155123687,TimesFM C (+kalender)
timesfm_full,FULL,Blekinge län,1,47.0,44.059423893056014,58.25403701101496,0.43523373306568336,21.610401306261757,TimesFM E (+priser)
timesfm_full,FULL,Blekinge län,3,45.0,48.26237148708768,64.4528805350657,0.4767518558552583,24.328371595001467,TimesFM E (+priser)
timesfm_full,FULL,Blekinge län,6,42.0,56.51866585867746,75.6176896656407,0.5583102945075293,28.09588931193178,TimesFM E (+priser)
timesfm_full,FULL,Dalarnas län,1,47.0,380.3837942569814,777.2244300114199,0.9369841291400259,20.538838196126623,TimesFM E (+priser)
timesfm_full,FULL,Dalarnas län,3,45.0,489.8494439019097,953.2937610196624,1.206626469197256,27.008107846339296,TimesFM E (+priser)
timesfm_full,FULL,Dalarnas län,6,42.0,486.1570521763393,939.382223481845,1.1975311488979632,27.150729519923306,TimesFM E (+priser)
timesfm_full,FULL,Gotlands län,1,47.0,37.18723759752639,50.644409141081695,0.8072284835371806,40.3069660007214,TimesFM E (+priser)
timesfm_full,FULL,Gotlands län,3,45.0,39.66263283623589,51.840095310548605,0.860962228601147,44.44243630514322,TimesFM E (+priser)
timesfm_full,FULL,Gotlands län,6,42.0,42.61808204650879,51.495907024030664,0.9251165712818317,50.31881572886208,TimesFM E (+priser)
timesfm_full,FULL,Gävleborgs län,1,47.0,552.2728193567154,1342.1833597777807,1.0559709739134138,22.550046480377127,TimesFM E (+priser)
timesfm_full,FULL,Gävleborgs län,3,45.0,756.432575141059,1716.0042670766088,1.4463337956808011,31.66874003709013,TimesFM E (+priser)
timesfm_full,FULL,Gävleborgs län,6,42.0,787.4645763578869,1750.9061802764356,1.5056684060380248,33.42219348630162,TimesFM E (+priser)
timesfm_full,FULL,Götaland,1,47.0,651.3237824135638,798.9174778763175,0.4353834368898923,13.904558671772351,TimesFM E (+priser)
timesfm_full,FULL,Götaland,3,45.0,904.8326497395833,1068.6438207203907,0.6048437958061024,18.927933777820986,TimesFM E (+priser)
timesfm_full,FULL,Götaland,6,42.0,1102.945056733631,1334.233179185528,0.7372738758623981,23.17531992725844,TimesFM E (+priser)
timesfm_full,FULL,Hallands län,1,47.0,51.264003997153424,69.18711090829714,0.41223609592913346,20.856870909660792,TimesFM E (+priser)
timesfm_full,FULL,Hallands län,3,45.0,54.9622789171007,73.3235234990241,0.44197552897763953,22.26670434296561,TimesFM E (+priser)
timesfm_full,FULL,Hallands län,6,42.0,67.26188332693917,89.59608239363031,0.5408819839565778,27.286485880716082,TimesFM E (+priser)
timesfm_full,FULL,Hela landet,1,47.0,2513.2144281914893,3215.6638001594592,0.680284865430537,12.687681499899393,TimesFM E (+priser)
timesfm_full,FULL,Hela landet,3,45.0,3612.0089192708333,4230.673209000769,0.9777100489385052,18.136106910774185,TimesFM E (+priser)
timesfm_full,FULL,Hela landet,6,42.0,3783.408226376488,4382.786686968895,1.024104957889097,18.767803636886438,TimesFM E (+priser)
timesfm_full,FULL,Jämtlands län,1,47.0,428.4562001329787,570.3529612301445,0.7077360380717214,19.12338099037193,TimesFM E (+priser)
timesfm_full,FULL,Jämtlands län,3,45.0,546.3524576822916,687.4704608166317,0.9024804021293243,24.571127120853788,TimesFM E (+priser)
timesfm_full,FULL,Jämtlands län,6,42.0,558.917986188616,682.5457073092151,0.9232364965879486,24.826582739289556,TimesFM E (+priser)
timesfm_full,FULL,Jönköpings län,1,47.0,137.87556035467918,202.11648014067498,0.5524760975907411,22.382732812249284,TimesFM E (+priser)
timesfm_full,FULL,Jönköpings län,3,45.0,168.00009223090277,231.84770571371703,0.6731870036418951,26.76716144622646,TimesFM E (+priser)
timesfm_full,FULL,Jönköpings län,6,42.0,199.66205415271577,268.4435558903363,0.8000584892019988,32.21161220905724,TimesFM E (+priser)
timesfm_full,FULL,Kalmar län,1,47.0,121.24649242644614,149.50576151088978,0.42856117021089873,17.872711431615333,TimesFM E (+priser)
timesfm_full,FULL,Kalmar län,3,45.0,149.8257839626736,183.08762620034662,0.5295783161872599,21.765264245566858,TimesFM E (+priser)
timesfm_full,FULL,Kalmar län,6,42.0,178.1246831984747,206.0682400302175,0.6296043798652053,26.01767101487051,TimesFM E (+priser)
timesfm_full,FULL,Kronobergs län,1,47.0,98.48874161091257,133.4267211857175,0.48194706436458834,20.17054462055991,TimesFM E (+priser)
timesfm_full,FULL,Kronobergs län,3,45.0,115.85521511501736,152.79808266236543,0.5669285636382204,23.92256414280307,TimesFM E (+priser)
timesfm_full,FULL,Kronobergs län,6,42.0,128.0615713936942,167.82595694262514,0.6266594270737296,25.994506533937617,TimesFM E (+priser)
timesfm_full,FULL,Norra Norrland,1,47.0,762.3935027426862,1117.3824446021506,0.6719197043586236,17.28961695349433,TimesFM E (+priser)
timesfm_full,FULL,Norra Norrland,3,45.0,825.4849717881945,1217.915676684315,0.7275240623130182,19.487748883712253,TimesFM E (+priser)
timesfm_full,FULL,Norra Norrland,6,42.0,796.5051676432291,1096.5289951498146,0.7019833128661701,18.968760800079664,TimesFM E (+priser)
timesfm_full,FULL,Norrbottens län,1,47.0,303.049872215758,366.23239760551866,0.5173544562860038,17.661123189971146,TimesFM E (+priser)
timesfm_full,FULL,Norrbottens län,3,45.0,325.18485243055557,382.56691156467457,0.5551423971625307,19.57393109560193,TimesFM E (+priser)
timesfm_full,FULL,Norrbottens län,6,42.0,318.14024716331846,367.0712083183723,0.5431161326367162,18.47772086075614,TimesFM E (+priser)
timesfm_full,FULL,Skåne län,1,47.0,107.43636046064661,144.60610857402534,0.5304981253566493,24.34688079042828,TimesFM E (+priser)
timesfm_full,FULL,Skåne län,3,45.0,118.20746324327257,154.54521021180668,0.5836835628538538,26.568176455110937,TimesFM E (+priser)
timesfm_full,FULL,Skåne län,6,42.0,126.60405985514323,160.60827404282895,0.6251441888735243,28.67971945071427,TimesFM E (+priser)
timesfm_full,FULL,Stockholms län,1,47.0,85.1340452153632,101.53472921578712,0.8758341181702579,31.264672000966463,TimesFM E (+priser)
timesfm_full,FULL,Stockholms län,3,45.0,89.72402682834202,108.38740559889261,0.9230545044240941,32.45394077784645,TimesFM E (+priser)
timesfm_full,FULL,Stockholms län,6,42.0,91.38240087599982,108.45552005050277,0.9401153708254559,33.824566544490004,TimesFM E (+priser)
timesfm_full,FULL,Svealand,1,47.0,705.8037836602393,965.9013571793503,0.6799540067592071,13.991541004864839,TimesFM E (+priser)
timesfm_full,FULL,Svealand,3,45.0,1021.892919921875,1256.8595074776435,0.9844665067908271,20.352886264598823,TimesFM E (+priser)
timesfm_full,FULL,Svealand,6,42.0,1019.2220226469494,1284.6976186489578,0.9818934300437604,19.853048124171753,TimesFM E (+priser)
timesfm_full,FULL,Södermanlands län,1,47.0,96.71306853598736,126.93576926532337,0.6128969971668372,22.87723145233234,TimesFM E (+priser)
timesfm_full,FULL,Södermanlands län,3,45.0,126.3393581814236,163.57277210496486,0.8006468456180443,29.545956000960395,TimesFM E (+priser)
timesfm_full,FULL,Södermanlands län,6,42.0,158.92970820835657,207.43948406797082,1.0071807501925927,34.71954517714372,TimesFM E (+priser)
timesfm_full,FULL,Södra Norrland,1,47.0,1153.7068702210772,1738.5233521502512,0.8927082349174451,18.95524035413592,TimesFM E (+priser)
timesfm_full,FULL,Södra Norrland,3,45.0,1587.8050184461806,2127.2392755450564,1.228602040948699,26.436184010262465,TimesFM E (+priser)
timesfm_full,FULL,Södra Norrland,6,42.0,1537.1372651599702,2060.567504303949,1.189396657180205,25.340630222364663,TimesFM E (+priser)
timesfm_full,FULL,Uppsala län,1,47.0,117.31084880423039,154.30955939761043,0.7325719813134624,19.68923393632419,TimesFM E (+priser)
timesfm_full,FULL,Uppsala län,3,45.0,129.91233588324653,166.86195764729382,0.8112645869085039,22.299544035763194,TimesFM E (+priser)
timesfm_full,FULL,Uppsala län,6,42.0,137.2682872953869,169.41673076317883,0.8572003546176785,23.838829215856798,TimesFM E (+priser)
timesfm_full,FULL,Värmlands län,1,47.0,201.5232933531416,251.3409845886386,0.5999431994534701,14.652257972331434,TimesFM E (+priser)
timesfm_full,FULL,Värmlands län,3,45.0,247.08541937934027,303.1618083898429,0.7355835376359133,17.929276872767947,TimesFM E (+priser)
timesfm_full,FULL,Värmlands län,6,42.0,276.5209176199777,349.43649588743585,0.8232142362919191,19.667536787319158,TimesFM E (+priser)
timesfm_full,FULL,Västerbottens län,1,47.0,634.0438388256316,1026.012386097995,0.7562586557059274,22.851218159023816,TimesFM E (+priser)
timesfm_full,FULL,Västerbottens län,3,45.0,696.065296766493,1062.9298050712239,0.8302350301063995,26.009497619320943,TimesFM E (+priser)
timesfm_full,FULL,Västerbottens län,6,42.0,653.5239868164062,980.667280499401,0.7794936903050211,25.30687364430187,TimesFM E (+priser)
timesfm_full,FULL,Västernorrlands län,1,47.0,404.3441889336769,576.2027225287641,0.7040166188717151,22.00382510702063,TimesFM E (+priser)
timesfm_full,FULL,Västernorrlands län,3,45.0,450.4014621310764,623.6996517657975,0.7842084124928734,24.72712897857197,TimesFM E (+priser)
timesfm_full,FULL,Västernorrlands län,6,42.0,441.74538167317706,614.3943150016376,0.7691370335453417,23.645719164206568,TimesFM E (+priser)
timesfm_full,FULL,Västmanlands län,1,47.0,68.82213771089594,86.01623841358642,0.3335300598206221,20.645910726138318,TimesFM E (+priser)
timesfm_full,FULL,Västmanlands län,3,45.0,79.02912902832031,102.88257399497923,0.3829958064236973,23.325536246566664,TimesFM E (+priser)
timesfm_full,FULL,Västmanlands län,6,42.0,92.03564344133649,111.638579804484,0.44602877335149244,27.302995850154026,TimesFM E (+priser)
timesfm_full,FULL,Västra Götalands län,1,47.0,254.80219934341756,301.870462874234,0.6043225727771364,19.559895096325725,TimesFM E (+priser)
timesfm_full,FULL,Västra Götalands län,3,45.0,269.74275851779515,335.9455631570698,0.6397575775857877,21.260771066396607,TimesFM E (+priser)
timesfm_full,FULL,Västra Götalands län,6,42.0,317.8990987141927,372.91767504934774,0.7539715187448862,24.16797899591994,TimesFM E (+priser)
timesfm_full,FULL,Örebro län,1,47.0,100.39578441863364,122.46841393861492,0.5083258150379928,19.34888496975963,TimesFM E (+priser)
timesfm_full,FULL,Örebro län,3,45.0,126.20797322591146,150.99327069746585,0.6390185726010164,23.729639805721295,TimesFM E (+priser)
timesfm_full,FULL,Örebro län,6,42.0,133.02979460216704,165.5709358138225,0.6735589462950846,24.73622326171529,TimesFM E (+priser)
timesfm_full,FULL,Östergötlands län,1,47.0,134.89216711166057,180.09949801467053,0.653543743430978,20.23986253863178,TimesFM E (+priser)
timesfm_full,FULL,Östergötlands län,3,45.0,153.57742919921876,199.79923672118917,0.7440726184069668,23.37498794580281,TimesFM E (+priser)
timesfm_full,FULL,Östergötlands län,6,42.0,171.07164946056548,216.94116574815868,0.8288309734902715,27.003162269508096,TimesFM E (+priser)
timesfm_multi_lan,B_multivariat_lan,Blekinge län,1,47.0,42.03935663750831,57.019453889485845,0.4152788327290418,20.74691403635246,TimesFM B (multivariat län)
timesfm_multi_lan,B_multivariat_lan,Blekinge län,3,45.0,47.15096638997396,61.78672428656095,0.4657730243902997,23.765072051121855,TimesFM B (multivariat län)
timesfm_multi_lan,B_multivariat_lan,Blekinge län,6,42.0,53.566170828683035,72.08990655723255,0.5291445605914107,26.771464449758327,TimesFM B (multivariat län)
timesfm_multi_lan,B_multivariat_lan,Dalarnas län,1,47.0,349.8759194232048,707.1098446374777,0.8618353058604326,18.574304196530083,TimesFM B (multivariat län)
timesfm_multi_lan,B_multivariat_lan,Dalarnas län,3,45.0,477.11515163845485,921.8399706805981,1.1752585983078172,26.301596436806662,TimesFM B (multivariat län)
timesfm_multi_lan,B_multivariat_lan,Dalarnas län,6,42.0,480.3445885067894,919.7913226573205,1.183213540493511,26.838867453859727,TimesFM B (multivariat län)
timesfm_multi_lan,B_multivariat_lan,Gotlands län,1,47.0,38.667853253953,52.92655394863593,0.8393684113256905,41.55729682890207,TimesFM B (multivariat län)
timesfm_multi_lan,B_multivariat_lan,Gotlands län,3,45.0,40.22511935763889,54.003149458572295,0.8731722009200494,44.83376775784513,TimesFM B (multivariat län)
timesfm_multi_lan,B_multivariat_lan,Gotlands län,6,42.0,40.860151654198056,50.23871407518737,0.8869569343626509,48.39912939381613,TimesFM B (multivariat län)
timesfm_multi_lan,B_multivariat_lan,Gävleborgs län,1,47.0,515.1341812458444,1231.1051476472624,0.9849601935867005,22.23092407334466,TimesFM B (multivariat län)
timesfm_multi_lan,B_multivariat_lan,Gävleborgs län,3,45.0,736.9097574869792,1687.3154827952285,1.4090052724416429,30.478772681824505,TimesFM B (multivariat län)
timesfm_multi_lan,B_multivariat_lan,Gävleborgs län,6,42.0,763.8357340494791,1714.6248444389753,1.46048897523801,31.988661957451548,TimesFM B (multivariat län)
timesfm_multi_lan,B_multivariat_lan,Hallands län,1,47.0,52.84475610611287,70.10804262036906,0.4249476094126563,21.429750325196846,TimesFM B (multivariat län)
timesfm_multi_lan,B_multivariat_lan,Hallands län,3,45.0,57.313802083333336,74.44515459856206,0.4608851469151788,23.009375487064002,TimesFM B (multivariat län)
timesfm_multi_lan,B_multivariat_lan,Hallands län,6,42.0,69.09142884753999,89.21340107474553,0.5555941531967915,27.905711846156688,TimesFM B (multivariat län)
timesfm_multi_lan,B_multivariat_lan,Jämtlands län,1,47.0,429.51209275265956,554.9619449097215,0.7094801912874997,19.20421470754327,TimesFM B (multivariat län)
timesfm_multi_lan,B_multivariat_lan,Jämtlands län,3,45.0,529.3600613064236,676.1970942402526,0.8744118824424378,23.835789357439673,TimesFM B (multivariat län)
timesfm_multi_lan,B_multivariat_lan,Jämtlands län,6,42.0,553.9717290969122,694.1080071487128,0.9150661295906215,24.827734756895282,TimesFM B (multivariat län)
timesfm_multi_lan,B_multivariat_lan,Jönköpings län,1,47.0,140.4496875519448,197.74487248742616,0.5627907882073312,23.058028778406094,TimesFM B (multivariat län)
timesfm_multi_lan,B_multivariat_lan,Jönköpings län,3,45.0,171.01311645507812,230.55291716175813,0.6852603824266238,27.439887757989457,TimesFM B (multivariat län)
timesfm_multi_lan,B_multivariat_lan,Jönköpings län,6,42.0,191.65189906529017,258.789681329103,0.7679612907397528,31.256347727355223,TimesFM B (multivariat län)
timesfm_multi_lan,B_multivariat_lan,Kalmar län,1,47.0,121.5066015365276,152.87541883504932,0.42948055898964344,17.79175701265535,TimesFM B (multivariat län)
timesfm_multi_lan,B_multivariat_lan,Kalmar län,3,45.0,146.44565565321182,179.70023956662646,0.5176308221626825,21.569498098084388,TimesFM B (multivariat län)
timesfm_multi_lan,B_multivariat_lan,Kalmar län,6,42.0,177.685546875,208.1779309009034,0.6280521965986701,26.193744270304876,TimesFM B (multivariat län)
timesfm_multi_lan,B_multivariat_lan,Kronobergs län,1,47.0,98.88502275182846,131.12559572611542,0.48388623557749677,20.34293861453532,TimesFM B (multivariat län)
timesfm_multi_lan,B_multivariat_lan,Kronobergs län,3,45.0,106.13970879448785,145.66605185158897,0.5193864824479375,22.132121335438054,TimesFM B (multivariat län)
timesfm_multi_lan,B_multivariat_lan,Kronobergs län,6,42.0,120.30545116606213,158.84626328427504,0.5887054506757622,24.58498818959727,TimesFM B (multivariat län)
timesfm_multi_lan,B_multivariat_lan,Norrbottens län,1,47.0,281.81787369099067,343.5249480555402,0.48110804914406063,16.5744518598201,TimesFM B (multivariat län)
timesfm_multi_lan,B_multivariat_lan,Norrbottens län,3,45.0,288.67376030815973,348.35221826186336,0.4928121408410825,17.34755718885454,TimesFM B (multivariat län)
timesfm_multi_lan,B_multivariat_lan,Norrbottens län,6,42.0,288.7140183221726,345.0818253989919,0.4928808676905561,16.649365077346655,TimesFM B (multivariat län)
timesfm_multi_lan,B_multivariat_lan,Skåne län,1,47.0,107.3475796313996,146.28706999361717,0.5300597443161783,24.269833303064352,TimesFM B (multivariat län)
timesfm_multi_lan,B_multivariat_lan,Skåne län,3,45.0,116.20329115125868,152.7886834015148,0.5737873830768506,26.046194817471306,TimesFM B (multivariat län)
timesfm_multi_lan,B_multivariat_lan,Skåne län,6,42.0,131.1182875860305,164.73799690026198,0.647434494859326,29.213255587101795,TimesFM B (multivariat län)
timesfm_multi_lan,B_multivariat_lan,Stockholms län,1,47.0,81.37580027478806,98.13987365829962,0.8371703951547508,30.022086917702595,TimesFM B (multivariat län)
timesfm_multi_lan,B_multivariat_lan,Stockholms län,3,45.0,86.7011715359158,103.00810167827113,0.8919562546850972,31.985360465442973,TimesFM B (multivariat län)
timesfm_multi_lan,B_multivariat_lan,Stockholms län,6,42.0,87.52641260056268,103.49291333443136,0.9004460930136353,32.93650222123467,TimesFM B (multivariat län)
timesfm_multi_lan,B_multivariat_lan,Södermanlands län,1,47.0,98.05753991958943,130.02869329355227,0.6214172776859052,22.608859930563696,TimesFM B (multivariat län)
timesfm_multi_lan,B_multivariat_lan,Södermanlands län,3,45.0,120.9373789469401,156.3877574438246,0.7664130352169137,29.00780412526956,TimesFM B (multivariat län)
timesfm_multi_lan,B_multivariat_lan,Södermanlands län,6,42.0,160.9855263119652,200.95255247362664,1.0202090281853864,36.34349570457922,TimesFM B (multivariat län)
timesfm_multi_lan,B_multivariat_lan,Uppsala län,1,47.0,109.90329109354222,150.24703067244585,0.6863139473453631,18.46804109142229,TimesFM B (multivariat län)
timesfm_multi_lan,B_multivariat_lan,Uppsala län,3,45.0,121.03118218315973,158.7839779527414,0.7558043764613065,20.805376827021277,TimesFM B (multivariat län)
timesfm_multi_lan,B_multivariat_lan,Uppsala län,6,42.0,129.11844162713913,162.08061552674707,0.8063069491957249,22.588723725690866,TimesFM B (multivariat län)
timesfm_multi_lan,B_multivariat_lan,Värmlands län,1,47.0,211.24554962807514,249.03913661637864,0.6288867594679892,15.309705309737847,TimesFM B (multivariat län)
timesfm_multi_lan,B_multivariat_lan,Värmlands län,3,45.0,243.4553683810764,292.472191722366,0.72477672531243,17.740138777502235,TimesFM B (multivariat län)
timesfm_multi_lan,B_multivariat_lan,Värmlands län,6,42.0,258.4242379324777,318.6575625683826,0.7693396705752006,18.81187219480603,TimesFM B (multivariat län)
timesfm_multi_lan,B_multivariat_lan,Västerbottens län,1,47.0,590.156434404089,967.7733741271614,0.7039117556371046,20.988140331984052,TimesFM B (multivariat län)
timesfm_multi_lan,B_multivariat_lan,Västerbottens län,3,45.0,699.5950520833334,1073.6070778816484,0.8344451617210034,26.029490025042595,TimesFM B (multivariat län)
timesfm_multi_lan,B_multivariat_lan,Västerbottens län,6,42.0,662.343517485119,984.9384646536522,0.7900132253892698,25.244149433317087,TimesFM B (multivariat län)
timesfm_multi_lan,B_multivariat_lan,Västernorrlands län,1,47.0,373.60151055518617,548.1002489857296,0.650489556830431,20.368832614280134,TimesFM B (multivariat län)
timesfm_multi_lan,B_multivariat_lan,Västernorrlands län,3,45.0,440.30761176215276,605.7640838346258,0.7666336863001538,23.985072076861368,TimesFM B (multivariat län)
timesfm_multi_lan,B_multivariat_lan,Västernorrlands län,6,42.0,426.5923229399182,595.3861599884868,0.742753557618343,22.785397484799848,TimesFM B (multivariat län)
timesfm_multi_lan,B_multivariat_lan,Västmanlands län,1,47.0,64.32706889700383,82.67713638140621,0.31174578196669706,19.31933208980412,TimesFM B (multivariat län)
timesfm_multi_lan,B_multivariat_lan,Västmanlands län,3,45.0,82.08107164171007,104.7270572073768,0.39778631767879646,24.272120855767657,TimesFM B (multivariat län)
timesfm_multi_lan,B_multivariat_lan,Västmanlands län,6,42.0,89.43156396775018,107.72711152541142,0.4334087238806172,26.584728641916687,TimesFM B (multivariat län)
timesfm_multi_lan,B_multivariat_lan,Västra Götalands län,1,47.0,229.74338482795878,277.80098341800124,0.5448897762873508,17.71705763420927,TimesFM B (multivariat län)
timesfm_multi_lan,B_multivariat_lan,Västra Götalands län,3,45.0,259.9004909939236,316.2600823872997,0.6164143550888325,20.48781935558214,TimesFM B (multivariat län)
timesfm_multi_lan,B_multivariat_lan,Västra Götalands län,6,42.0,301.27330089750745,352.77216330986323,0.714539579236742,23.471230716754903,TimesFM B (multivariat län)
timesfm_multi_lan,B_multivariat_lan,Örebro län,1,47.0,104.15096201795212,125.55564498264286,0.5273391005543088,20.23731342735462,TimesFM B (multivariat län)
timesfm_multi_lan,B_multivariat_lan,Örebro län,3,45.0,126.47074991861979,149.46286800286776,0.6403490684706133,23.983172992714614,TimesFM B (multivariat län)
timesfm_multi_lan,B_multivariat_lan,Örebro län,6,42.0,132.09591965448288,160.19273761508262,0.6688305331781987,24.693324015069802,TimesFM B (multivariat län)
timesfm_multi_lan,B_multivariat_lan,Östergötlands län,1,47.0,131.2318303534325,181.6666226268315,0.6358096507967469,19.762237042160976,TimesFM B (multivariat län)
timesfm_multi_lan,B_multivariat_lan,Östergötlands län,3,45.0,147.65672675238716,201.23065803674544,0.7153872015759046,22.55249266231691,TimesFM B (multivariat län)
timesfm_multi_lan,B_multivariat_lan,Östergötlands län,6,42.0,157.0974876767113,205.1869894680693,0.7611270719288834,25.2007468227072,TimesFM B (multivariat län)
timesfm_multi_top,B_multivariat_top,Götaland,1,47.0,668.7886469414893,828.0846604753342,0.4470579879323973,14.209221592586902,TimesFM B (multivariat topp)
timesfm_multi_top,B_multivariat_top,Götaland,3,45.0,948.7751193576389,1093.5401441911113,0.6342175480999973,20.13325677877773,TimesFM B (multivariat topp)
timesfm_multi_top,B_multivariat_top,Götaland,6,42.0,1106.1297200520833,1353.1304228521221,0.739402693661415,23.53611563827457,TimesFM B (multivariat topp)
timesfm_multi_top,B_multivariat_top,Hela landet,1,47.0,2438.354762300532,3122.4963319880526,0.66002161325215,12.32754139480023,TimesFM B (multivariat topp)
timesfm_multi_top,B_multivariat_top,Hela landet,3,45.0,3466.2281684027776,4065.8976910703327,0.9382496521756224,17.452787992066426,TimesFM B (multivariat topp)
timesfm_multi_top,B_multivariat_top,Hela landet,6,42.0,3593.4919549851193,4167.9724940894275,0.9726978182207492,17.95636064219169,TimesFM B (multivariat topp)
timesfm_multi_top,B_multivariat_top,Norra Norrland,1,47.0,702.8061679271941,1068.0397423645463,0.6194036424447842,15.707327439194938,TimesFM B (multivariat topp)
timesfm_multi_top,B_multivariat_top,Norra Norrland,3,45.0,780.3394314236111,1163.8364145394735,0.687735976467907,18.22163793869674,TimesFM B (multivariat topp)
timesfm_multi_top,B_multivariat_top,Norra Norrland,6,42.0,760.3308454241071,1061.0401431209211,0.6701018241029459,17.705190978203227,TimesFM B (multivariat topp)
timesfm_multi_top,B_multivariat_top,Svealand,1,47.0,677.4861463181516,951.0488136210295,0.6526734913830305,13.418846848334603,TimesFM B (multivariat topp)
timesfm_multi_top,B_multivariat_top,Svealand,3,45.0,965.8546820746528,1207.3767721716858,0.9304806466437718,19.448006209812377,TimesFM B (multivariat topp)
timesfm_multi_top,B_multivariat_top,Svealand,6,42.0,959.8315952845982,1217.967215680448,0.9246781529610126,18.784027143198387,TimesFM B (multivariat topp)
timesfm_multi_top,B_multivariat_top,Södra Norrland,1,47.0,1079.630984042553,1638.1487482369266,0.8353902494678966,17.897088752412355,TimesFM B (multivariat topp)
timesfm_multi_top,B_multivariat_top,Södra Norrland,3,45.0,1544.035791015625,2127.1727468715712,1.1947345562593306,25.55176615670825,TimesFM B (multivariat topp)
timesfm_multi_top,B_multivariat_top,Södra Norrland,6,42.0,1586.8592878069196,2156.0344586623623,1.227870259287799,26.20035319824226,TimesFM B (multivariat topp)
timesfm_univ,A_univariat,Blekinge län,1,47.0,43.722511778486535,58.56980978371302,0.4319056024551912,21.407388881277313,TimesFM A (univariat)
timesfm_univ,A_univariat,Blekinge län,3,45.0,50.5643800523546,65.52571170017528,0.49949186679689495,25.174999423765982,TimesFM A (univariat)
timesfm_univ,A_univariat,Blekinge län,6,42.0,55.47283971877325,73.99519520791638,0.5479792739269375,27.740316996153442,TimesFM A (univariat)
timesfm_univ,A_univariat,Dalarnas län,1,47.0,377.021660987367,753.1020414937822,0.9287023212364167,20.553439149164593,TimesFM A (univariat)
timesfm_univ,A_univariat,Dalarnas län,3,45.0,490.6668429904514,949.6010393684293,1.2086399355559716,27.05127155928664,TimesFM A (univariat)
timesfm_univ,A_univariat,Dalarnas län,6,42.0,473.25259544735866,930.9051508034566,1.165744118712181,26.560877644729004,TimesFM A (univariat)
timesfm_univ,A_univariat,Gotlands län,1,47.0,37.57639751028508,51.410367784807875,0.8156760313122956,40.96700128885145,TimesFM A (univariat)
timesfm_univ,A_univariat,Gotlands län,3,45.0,40.18471967909071,52.56477746112917,0.8722952395387608,44.98414566070573,TimesFM A (univariat)
timesfm_univ,A_univariat,Gotlands län,6,42.0,41.28584425789969,49.80257596702804,0.8961975022870057,48.972973414120816,TimesFM A (univariat)
timesfm_univ,A_univariat,Gävleborgs län,1,47.0,515.2156943463265,1222.2520317106207,0.9851160503753852,22.26858164907441,TimesFM A (univariat)
timesfm_univ,A_univariat,Gävleborgs län,3,45.0,752.7269219292534,1698.2071471533616,1.4392484166907331,31.3386389280228,TimesFM A (univariat)
timesfm_univ,A_univariat,Gävleborgs län,6,42.0,766.045671735491,1742.2486718829593,1.464714477505719,31.952149045038077,TimesFM A (univariat)
timesfm_univ,A_univariat,Götaland,1,47.0,644.2169890708112,803.3387692426674,0.43063283481703696,13.761824576813666,TimesFM A (univariat)
timesfm_univ,A_univariat,Götaland,3,45.0,914.5620442708333,1087.4257328984622,0.6113475000224236,19.191453463083533,TimesFM A (univariat)
timesfm_univ,A_univariat,Götaland,6,42.0,1097.5942324683779,1331.5292552435194,0.7336970676424267,23.129141628799545,TimesFM A (univariat)
timesfm_univ,A_univariat,Hallands län,1,47.0,54.18802334399933,71.1795516292514,0.4357494040201664,21.84558943862346,TimesFM A (univariat)
timesfm_univ,A_univariat,Hallands län,3,45.0,57.832621256510414,73.85258942800375,0.46505719696526027,23.516795545936546,TimesFM A (univariat)
timesfm_univ,A_univariat,Hallands län,6,42.0,68.73402186802456,88.15418909669671,0.5527200886211597,27.98365556485831,TimesFM A (univariat)
timesfm_univ,A_univariat,Hela landet,1,47.0,2383.385534408245,3119.1823394866465,0.6451423680194087,12.013361793758472,TimesFM A (univariat)
timesfm_univ,A_univariat,Hela landet,3,45.0,3456.5965711805557,4027.0705496009073,0.9356425408417457,17.22371280616851,TimesFM A (univariat)
timesfm_univ,A_univariat,Hela landet,6,42.0,3494.674362909226,4046.72496501022,0.9459495584728163,17.320662158831592,TimesFM A (univariat)
timesfm_univ,A_univariat,Jämtlands län,1,47.0,429.3963674991689,571.6805097454363,0.7092890330491899,19.254690348839638,TimesFM A (univariat)
timesfm_univ,A_univariat,Jämtlands län,3,45.0,520.6824462890625,665.7200566532853,0.8600779531624023,23.48152457501176,TimesFM A (univariat)
timesfm_univ,A_univariat,Jämtlands län,6,42.0,543.0548822312128,672.6279663115902,0.8970333739750701,24.243188185613107,TimesFM A (univariat)
timesfm_univ,A_univariat,Jönköpings län,1,47.0,141.13934326171875,200.90035015274918,0.5655542822902341,23.176433886773168,TimesFM A (univariat)
timesfm_univ,A_univariat,Jönköpings län,3,45.0,166.50443522135416,230.96980836469453,0.6671938113325112,26.544104446872517,TimesFM A (univariat)
timesfm_univ,A_univariat,Jönköpings län,6,42.0,189.283206031436,259.099555926671,0.7584697878195277,30.722450018482228,TimesFM A (univariat)
timesfm_univ,A_univariat,Kalmar län,1,47.0,119.50952343230551,150.6345786643503,0.4224216320696157,17.795332544832508,TimesFM A (univariat)
timesfm_univ,A_univariat,Kalmar län,3,45.0,152.44140896267362,183.74499787111318,0.538823575892508,22.295546655656036,TimesFM A (univariat)
timesfm_univ,A_univariat,Kalmar län,6,42.0,178.44130670456659,206.97597304563934,0.6307235259746842,26.012644858331267,TimesFM A (univariat)
timesfm_univ,A_univariat,Kronobergs län,1,47.0,98.27324660280918,132.86079586625112,0.48089255615540694,20.16450863340008,TimesFM A (univariat)
timesfm_univ,A_univariat,Kronobergs län,3,45.0,113.539697265625,150.29895477219347,0.5555977555504582,23.532744568418032,TimesFM A (univariat)
timesfm_univ,A_univariat,Kronobergs län,6,42.0,124.34366861979167,158.77399419617515,0.6084661564707396,25.633471948157144,TimesFM A (univariat)
timesfm_univ,A_univariat,Norra Norrland,1,47.0,747.3156634391622,1096.1142152868447,0.6586311633483127,16.976139992805827,TimesFM A (univariat)
timesfm_univ,A_univariat,Norra Norrland,3,45.0,803.6984266493056,1177.4608858950958,0.7083229425290021,18.870109801612223,TimesFM A (univariat)
timesfm_univ,A_univariat,Norra Norrland,6,42.0,802.6138799758185,1092.408185764552,0.7073670998078994,18.755984477156154,TimesFM A (univariat)
timesfm_univ,A_univariat,Norrbottens län,1,47.0,284.1496633976064,342.56978791824434,0.48508878600106414,17.032868187337208,TimesFM A (univariat)
timesfm_univ,A_univariat,Norrbottens län,3,45.0,300.403515625,351.9888514015123,0.51283670359685,18.372946386002877,TimesFM A (univariat)
timesfm_univ,A_univariat,Norrbottens län,6,42.0,312.9517095656622,373.4690445754023,0.5342584715919234,18.86732918050469,TimesFM A (univariat)
timesfm_univ,A_univariat,Skåne län,1,47.0,105.96416002638797,141.50769286229118,0.5232287096097381,23.946053692896044,TimesFM A (univariat)
timesfm_univ,A_univariat,Skåne län,3,45.0,114.61064181857638,148.86559329896568,0.565923216032138,25.659627537982853,TimesFM A (univariat)
timesfm_univ,A_univariat,Skåne län,6,42.0,121.01364644368489,153.8358012947981,0.5975399046067128,27.463169556216666,TimesFM A (univariat)
timesfm_univ,A_univariat,Stockholms län,1,47.0,83.16336968604554,99.57887097927284,0.8555603856105819,30.5821532123582,TimesFM A (univariat)
timesfm_univ,A_univariat,Stockholms län,3,45.0,88.50408969455295,107.02745896537631,0.9105041485577374,32.01634316433983,TimesFM A (univariat)
timesfm_univ,A_univariat,Stockholms län,6,42.0,93.87304106212798,110.35822434929008,0.9657383474569401,34.37367178794767,TimesFM A (univariat)
timesfm_univ,A_univariat,Svealand,1,47.0,718.037950880984,971.75912839575,0.6917401025746299,14.100399076799244,TimesFM A (univariat)
timesfm_univ,A_univariat,Svealand,3,45.0,996.1354112413194,1229.2438545227653,0.9596523564037988,19.71238866338453,TimesFM A (univariat)
timesfm_univ,A_univariat,Svealand,6,42.0,1030.3278285435267,1259.794781493588,0.9925924903102081,19.789935466850693,TimesFM A (univariat)
timesfm_univ,A_univariat,Södermanlands län,1,47.0,94.71815588119182,127.03964648716097,0.6002546935542769,22.34128887426167,TimesFM A (univariat)
timesfm_univ,A_univariat,Södermanlands län,3,45.0,129.25932379828558,169.40934353269816,0.8191514612351074,29.552692927167556,TimesFM A (univariat)
timesfm_univ,A_univariat,Södermanlands län,6,42.0,166.62075660342262,207.97565233811733,1.0559210139207234,37.00486643063925,TimesFM A (univariat)
timesfm_univ,A_univariat,Södra Norrland,1,47.0,1117.798651512633,1696.2849787259804,0.8649233934038444,18.497930470465633,TimesFM A (univariat)
timesfm_univ,A_univariat,Södra Norrland,3,45.0,1552.3146104600694,2113.0240394928633,1.2011404904564928,25.808117799364265,TimesFM A (univariat)
timesfm_univ,A_univariat,Södra Norrland,6,42.0,1516.5712018694196,2056.2167851385666,1.1734831747062817,25.0585819694468,TimesFM A (univariat)
timesfm_univ,A_univariat,Uppsala län,1,47.0,118.6229319470994,154.79976615772776,0.7407655572479747,20.032412545350613,TimesFM A (univariat)
timesfm_univ,A_univariat,Uppsala län,3,45.0,137.4650410970052,172.72958859028392,0.8584290246320181,23.41968217427884,TimesFM A (univariat)
timesfm_univ,A_univariat,Uppsala län,6,42.0,143.8197944277809,177.57567484588594,0.8981126027983777,24.824243262980712,TimesFM A (univariat)
timesfm_univ,A_univariat,Värmlands län,1,47.0,211.5356640105552,256.5018732061195,0.6297504420127537,15.182420442710256,TimesFM A (univariat)
timesfm_univ,A_univariat,Värmlands län,3,45.0,245.41815592447918,302.7063900514571,0.7306200252061696,17.75711467557222,TimesFM A (univariat)
timesfm_univ,A_univariat,Värmlands län,6,42.0,267.590340750558,339.6163328875435,0.7966275386905857,19.298011460785343,TimesFM A (univariat)
timesfm_univ,A_univariat,Västerbottens län,1,47.0,627.1873207903923,985.542793868139,0.7480805128163794,22.686975234865173,TimesFM A (univariat)
timesfm_univ,A_univariat,Västerbottens län,3,45.0,688.0049886067708,1053.355985313469,0.8206210611027146,25.775795600083228,TimesFM A (univariat)
timesfm_univ,A_univariat,Västerbottens län,6,42.0,660.3380359468006,972.4115078086091,0.7876211782162842,25.517453618732628,TimesFM A (univariat)
timesfm_univ,A_univariat,Västernorrlands län,1,47.0,385.32762892702794,560.120107518772,0.670906277126089,20.9362519426253,TimesFM A (univariat)
timesfm_univ,A_univariat,Västernorrlands län,3,45.0,440.8733100043403,613.0742113254882,0.7676186416294658,24.02702210039416,TimesFM A (univariat)
timesfm_univ,A_univariat,Västernorrlands län,6,42.0,439.04799107142856,619.0941317174231,0.7644405203687152,23.37721084246237,TimesFM A (univariat)
timesfm_univ,A_univariat,Västmanlands län,1,47.0,68.23837377669963,84.61498117981408,0.3307009872813251,20.546541298846126,TimesFM A (univariat)
timesfm_univ,A_univariat,Västmanlands län,3,45.0,80.70349324544271,102.62314656599996,0.3911102128643146,24.110388678541522,TimesFM A (univariat)
timesfm_univ,A_univariat,Västmanlands län,6,42.0,94.21816834949311,111.32251773013977,0.4566058592629379,28.123731011968943,TimesFM A (univariat)
timesfm_univ,A_univariat,Västra Götalands län,1,47.0,235.09444216464428,288.0960945019938,0.5575810511080417,17.86695387027097,TimesFM A (univariat)
timesfm_univ,A_univariat,Västra Götalands län,3,45.0,266.77143012152777,335.4468909938268,0.6327103824453016,21.191119688063555,TimesFM A (univariat)
timesfm_univ,A_univariat,Västra Götalands län,6,42.0,309.65647670200894,360.83318143925095,0.7344222269661336,23.904304016684495,TimesFM A (univariat)
timesfm_univ,A_univariat,Örebro län,1,47.0,106.7127588150349,128.34567529777803,0.5403100380531259,20.388835914213757,TimesFM A (univariat)
timesfm_univ,A_univariat,Örebro län,3,45.0,124.1460442437066,145.7878603769566,0.6285785751798177,23.366635673969085,TimesFM A (univariat)
timesfm_univ,A_univariat,Örebro län,6,42.0,133.25465102422805,162.294280526537,0.6746974435404876,24.69704533863189,TimesFM A (univariat)
timesfm_univ,A_univariat,Östergötlands län,1,47.0,142.38923222967918,181.6800687659499,0.6898665344935596,21.45772556597929,TimesFM A (univariat)
timesfm_univ,A_univariat,Östergötlands län,3,45.0,160.96926812065973,204.39159122660502,0.7798855954166581,24.638579294874337,TimesFM A (univariat)
timesfm_univ,A_univariat,Östergötlands län,6,42.0,178.1080322265625,219.68642134749746,0.8629217886322382,28.287389665450913,TimesFM A (univariat)
timesfm_wx,WX,Blekinge län,1,47.0,43.59085050542304,58.01024087651784,0.4306050083413259,21.38541735542322,TimesFM D (+väder)
timesfm_wx,WX,Blekinge län,3,45.0,48.26354014078776,64.20749982816653,0.47676340020758085,24.28283127235382,TimesFM D (+väder)
timesfm_wx,WX,Blekinge län,6,42.0,55.708451407296316,75.04276379129625,0.550306725030218,27.74824438872921,TimesFM D (+väder)
timesfm_wx,WX,Dalarnas län,1,47.0,376.95100824883644,768.7034553803729,0.9285282851820871,20.303775152221736,TimesFM D (+väder)
timesfm_wx,WX,Dalarnas län,3,45.0,485.92915988498265,946.5251601456092,1.1969697909658474,26.832027213738158,TimesFM D (+väder)
timesfm_wx,WX,Dalarnas län,6,42.0,491.59961954752606,939.4827942605066,1.21093760660087,27.39952488848717,TimesFM D (+väder)
timesfm_wx,WX,Gotlands län,1,47.0,37.21813201904297,50.76595124348094,0.8078991129961497,40.32679726035043,TimesFM D (+väder)
timesfm_wx,WX,Gotlands län,3,45.0,39.351832665337454,51.6638374494761,0.8542156465249852,44.04530233574547,TimesFM D (+väder)
timesfm_wx,WX,Gotlands län,6,42.0,41.82290258861723,50.78237368392254,0.90785550137175,49.56905983861651,TimesFM D (+väder)
timesfm_wx,WX,Gävleborgs län,1,47.0,538.999515614611,1315.263438659124,1.0305918080585297,22.07823744699631,TimesFM D (+väder)
timesfm_wx,WX,Gävleborgs län,3,45.0,750.2706041124131,1710.063192250192,1.4345518243067172,31.47098839778908,TimesFM D (+väder)
timesfm_wx,WX,Gävleborgs län,6,42.0,782.1723836263021,1750.9577952816785,1.495549490681266,33.14050875631386,TimesFM D (+väder)
timesfm_wx,WX,Götaland,1,47.0,638.6928555103059,786.7030274776262,0.4269401763876163,13.645076426527819,TimesFM D (+väder)
timesfm_wx,WX,Götaland,3,45.0,892.4722384982639,1060.5310316730634,0.5965813640126921,18.662704409099902,TimesFM D (+väder)
timesfm_wx,WX,Götaland,6,42.0,1084.3876429966517,1316.237882179405,0.7248690001450495,22.8193067203748,TimesFM D (+väder)
timesfm_wx,WX,Hallands län,1,47.0,52.19982098518534,69.86667944516361,0.419761406314016,21.26234117127816,TimesFM D (+väder)
timesfm_wx,WX,Hallands län,3,45.0,55.83773193359375,74.14322649585375,0.4490154264797644,22.362734525016023,TimesFM D (+väder)
timesfm_wx,WX,Hallands län,6,42.0,67.43190729050409,89.96400577902237,0.5422492204088512,27.316030992387525,TimesFM D (+väder)
timesfm_wx,WX,Hela landet,1,47.0,2493.284449800532,3213.99368050886,0.6748901555658948,12.5781159425981,TimesFM D (+väder)
timesfm_wx,WX,Hela landet,3,45.0,3586.7971571180556,4194.446775372825,0.9708856490659837,18.067657093209327,TimesFM D (+väder)
timesfm_wx,WX,Hela landet,6,42.0,3785.5914248511904,4378.804670590284,1.0246959129878386,18.813519720261557,TimesFM D (+väder)
timesfm_wx,WX,Jämtlands län,1,47.0,433.65468386386306,576.2840947183366,0.7163230401469265,19.326915348861608,TimesFM D (+väder)
timesfm_wx,WX,Jämtlands län,3,45.0,550.9005805121528,691.0850250597593,0.9099931197216254,24.70395396618432,TimesFM D (+väder)
timesfm_wx,WX,Jämtlands län,6,42.0,569.7873273577009,689.1170998441157,0.9411907809537027,25.221865396737144,TimesFM D (+väder)
timesfm_wx,WX,Jönköpings län,1,47.0,137.35581483232215,202.18918586355366,0.5503934443837957,22.26112675751601,TimesFM D (+väder)
timesfm_wx,WX,Jönköpings län,3,45.0,167.63729790581598,232.14839599083678,0.6717332638171111,26.656749011862647,TimesFM D (+väder)
timesfm_wx,WX,Jönköpings län,6,42.0,197.85518173944382,267.57160356999066,0.7928182370705776,31.98158456900888,TimesFM D (+väder)
timesfm_wx,WX,Kalmar län,1,47.0,120.60038075548538,148.58397645279595,0.4262774062169684,17.80754487390766,TimesFM D (+väder)
timesfm_wx,WX,Kalmar län,3,45.0,148.68629286024304,182.4450134559956,0.525550639752836,21.627047200094136,TimesFM D (+väder)
timesfm_wx,WX,Kalmar län,6,42.0,177.80257234119233,205.22494463857396,0.6284658380140395,25.980834492381288,TimesFM D (+väder)
timesfm_wx,WX,Kronobergs län,1,47.0,98.38602333880485,134.01156825349952,0.48144442041880114,20.177401595697326,TimesFM D (+väder)
timesfm_wx,WX,Kronobergs län,3,45.0,117.33478936089409,155.12240076976224,0.574168746146865,24.289681404463494,TimesFM D (+väder)
timesfm_wx,WX,Kronobergs län,6,42.0,130.12505812872024,170.89260539090137,0.6367569403329596,26.397855049549925,TimesFM D (+väder)
timesfm_wx,WX,Norra Norrland,1,47.0,761.7334503823138,1114.8819991694104,0.6713379808979079,17.267107558831142,TimesFM D (+väder)
timesfm_wx,WX,Norra Norrland,3,45.0,827.3677788628472,1222.2186737442737,0.729183435285655,19.583461096821107,TimesFM D (+väder)
timesfm_wx,WX,Norra Norrland,6,42.0,806.044904436384,1097.4543642604274,0.7103909620691816,19.19916494281454,TimesFM D (+väder)
timesfm_wx,WX,Norrbottens län,1,47.0,307.69520601313167,376.90126935969926,0.525284781824291,17.822628328378755,TimesFM D (+väder)
timesfm_wx,WX,Norrbottens län,3,45.0,332.95965983072915,393.93848164332235,0.5684152331674951,20.06200514979077,TimesFM D (+väder)
timesfm_wx,WX,Norrbottens län,6,42.0,326.500735328311,376.17319280010406,0.5573888191000381,18.765820793454978,TimesFM D (+väder)
timesfm_wx,WX,Skåne län,1,47.0,106.25223167906417,143.666522336724,0.5246511467721463,24.115068238437317,TimesFM D (+väder)
timesfm_wx,WX,Skåne län,3,45.0,118.20560777452258,155.3145360300222,0.5836744009398677,26.54239067071231,TimesFM D (+väder)
timesfm_wx,WX,Skåne län,6,42.0,126.31381370907738,161.04792422088997,0.6237110145206354,28.623635916376735,TimesFM D (+väder)
timesfm_wx,WX,Stockholms län,1,47.0,84.76115807066573,100.73375825692455,0.8719979644584618,31.15753005951846,TimesFM D (+väder)
timesfm_wx,WX,Stockholms län,3,45.0,89.64962056477864,108.24143908633718,0.9222890345809834,32.493014161184924,TimesFM D (+väder)
timesfm_wx,WX,Stockholms län,6,42.0,89.6250741141183,106.72433614398288,0.9220365078871805,33.307960363848274,TimesFM D (+väder)
timesfm_wx,WX,Svealand,1,47.0,698.0835480385638,962.3164198116629,0.672516521631456,13.84062610880047,TimesFM D (+väder)
timesfm_wx,WX,Svealand,3,45.0,1004.4188422309028,1249.861272266347,0.9676324100978604,20.197434076762875,TimesFM D (+väder)
timesfm_wx,WX,Svealand,6,42.0,998.2971714564732,1270.082658575061,0.9617349430291122,19.56711334749823,TimesFM D (+väder)
timesfm_wx,WX,Södermanlands län,1,47.0,95.36283971908244,125.20207254029467,0.604340230228342,22.680720627941454,TimesFM D (+väder)
timesfm_wx,WX,Södermanlands län,3,45.0,122.37587076822916,157.99667075458456,0.7755291487997338,29.066122446484766,TimesFM D (+väder)
timesfm_wx,WX,Södermanlands län,6,42.0,152.04307556152344,197.33382364326084,0.9635382876616416,33.81431776039211,TimesFM D (+väder)
timesfm_wx,WX,Södra Norrland,1,47.0,1142.7732141373006,1717.172421941352,0.8842480574879111,18.761769204382055,TimesFM D (+väder)
timesfm_wx,WX,Södra Norrland,3,45.0,1591.1380533854167,2119.4341254959527,1.2311810563072134,26.492249926645183,TimesFM D (+väder)
timesfm_wx,WX,Södra Norrland,6,42.0,1553.3162086123511,2061.5141243022613,1.2019155009393971,25.617762427346456,TimesFM D (+väder)
timesfm_wx,WX,Uppsala län,1,47.0,117.57290389689993,153.9801031731249,0.7342084388142566,19.777411690527078,TimesFM D (+väder)
timesfm_wx,WX,Uppsala län,3,45.0,130.46589898003472,167.8350804300228,0.8147214267381507,22.390572167411356,TimesFM D (+väder)
timesfm_wx,WX,Uppsala län,6,42.0,137.34512547084265,170.03643448495475,0.8576801865770233,23.819804266388438,TimesFM D (+väder)
timesfm_wx,WX,Värmlands län,1,47.0,203.56117281000664,251.42865877646156,0.6060100510868922,14.80071031655397,TimesFM D (+väder)
timesfm_wx,WX,Värmlands län,3,45.0,246.77410753038194,303.6120848246615,0.7346567493545977,17.967819673599045,TimesFM D (+väder)
timesfm_wx,WX,Värmlands län,6,42.0,273.57017880394346,344.7072051388833,0.8144297644991674,19.518666930973637,TimesFM D (+väder)
timesfm_wx,WX,Västerbottens län,1,47.0,633.5230972614694,1020.1955769888468,0.7556375388506434,22.878961008234842,TimesFM D (+väder)
timesfm_wx,WX,Västerbottens län,3,45.0,699.5499972873264,1065.3130098125391,0.8343914224093424,26.201133394564085,TimesFM D (+väder)
timesfm_wx,WX,Västerbottens län,6,42.0,653.8953014555432,977.7988194291294,0.7799365775198196,25.434032247508835,TimesFM D (+väder)
timesfm_wx,WX,Västernorrlands län,1,47.0,405.82215134640956,582.1378836544123,0.7065899465690304,22.013375819786955,TimesFM D (+väder)
timesfm_wx,WX,Västernorrlands län,3,45.0,459.36405164930557,631.0415490574206,0.7998134641831148,25.273807952626342,TimesFM D (+väder)
timesfm_wx,WX,Västernorrlands län,6,42.0,441.4906005859375,615.6871003393868,0.7686934260334743,23.579110133181636,TimesFM D (+väder)
timesfm_wx,WX,Västmanlands län,1,47.0,67.07204096368018,84.64496413408541,0.3250486337532895,20.128518871672345,TimesFM D (+väder)
timesfm_wx,WX,Västmanlands län,3,45.0,77.71765916612414,100.98662955886358,0.3766400808368418,23.04413180802997,TimesFM D (+väder)
timesfm_wx,WX,Västmanlands län,6,42.0,88.97374979654948,108.08910046941008,0.4311900367984355,26.497662182350123,TimesFM D (+väder)
timesfm_wx,WX,Västra Götalands län,1,47.0,253.31141954787233,299.68851929045877,0.6007868423799516,19.440719524425205,TimesFM D (+väder)
timesfm_wx,WX,Västra Götalands län,3,45.0,271.8156982421875,340.60671315174886,0.6446740354134076,21.412304434687616,TimesFM D (+väder)
timesfm_wx,WX,Västra Götalands län,6,42.0,319.6712704613095,374.9204056040976,0.7581746354855591,24.251020431527596,TimesFM D (+väder)
timesfm_wx,WX,Örebro län,1,47.0,101.77587436107879,123.90480009273564,0.5153135122693216,19.611055041830124,TimesFM D (+väder)
timesfm_wx,WX,Örebro län,3,45.0,125.07140706380208,150.4771763528133,0.633263889532953,23.606523611444523,TimesFM D (+väder)
timesfm_wx,WX,Örebro län,6,42.0,131.7361137753441,164.64639009475584,0.6670087573155188,24.573068277486446,TimesFM D (+väder)
timesfm_wx,WX,Östergötlands län,1,47.0,135.1901660675698,179.2551671347649,0.6549875289179606,20.30817592561835,TimesFM D (+väder)
timesfm_wx,WX,Östergötlands län,3,45.0,152.42923312717014,198.52153863110362,0.7385096833960834,23.233181798002224,TimesFM D (+väder)
timesfm_wx,WX,Östergötlands län,6,42.0,168.42675853910902,214.05448711323857,0.8160166496433989,26.672933038116657,TimesFM D (+väder)
xgb_base,base,Blekinge län,1,47.0,56.02679281031832,74.26764154829921,0.5534514079376237,27.73357363829313,XGBoost (bas)
xgb_base,base,Blekinge län,3,45.0,81.28046349419488,103.74408350718396,0.8029156177292384,38.08938585309483,XGBoost (bas)
xgb_base,base,Blekinge län,6,42.0,82.36420295352028,98.68580488863881,0.8136211587662177,38.89091581275463,XGBoost (bas)
xgb_base,base,Dalarnas län,1,47.0,402.0433648292055,767.5943643598864,0.9903372797646595,21.56521222865751,XGBoost (bas)
xgb_base,base,Dalarnas län,3,45.0,578.5741251627604,955.3280526031701,1.4251784145208277,32.541927920834254,XGBoost (bas)
xgb_base,base,Dalarnas län,6,42.0,532.7373540969122,945.3463228917217,1.3122705365613652,29.38115474480662,XGBoost (bas)
xgb_base,base,Gotlands län,1,47.0,42.46675560322214,54.2477616829832,0.9218317073547115,45.86385476089987,XGBoost (bas)
xgb_base,base,Gotlands län,3,45.0,41.59267154269748,50.07739546888734,0.902857844377907,47.0613875586235,XGBoost (bas)
xgb_base,base,Gotlands län,6,42.0,47.08126240684872,57.33480052622026,1.0219994415026028,52.882948645700644,XGBoost (bas)
xgb_base,base,Gävleborgs län,1,47.0,619.909987429355,1380.8203532105479,1.1852963430771608,27.29446061574819,XGBoost (bas)
xgb_base,base,Gävleborgs län,3,45.0,807.4436306423611,1716.9932563623686,1.543869274650786,36.21484063762704,XGBoost (bas)
xgb_base,base,Gävleborgs län,6,42.0,745.5863938104538,1686.8950855975936,1.4255953992551698,30.905605591009373,XGBoost (bas)
xgb_base,base,Götaland,1,47.0,757.5808676861702,946.5853601972224,0.5064119732784421,16.02689227332838,XGBoost (bas)
xgb_base,base,Götaland,3,45.0,1068.7288411458333,1276.2996734242613,0.714401728487743,22.583362902831137,XGBoost (bas)
xgb_base,base,Götaland,6,42.0,1243.4300246465773,1499.5684663836614,0.8311823585753289,25.8011156285026,XGBoost (bas)
xgb_base,base,Hallands län,1,47.0,66.17223114662983,82.428913142067,0.5321196180524955,25.62292277064474,XGBoost (bas)
xgb_base,base,Hallands län,3,45.0,72.68180762396918,91.09563082044082,0.5844659465468423,28.42702357918187,XGBoost (bas)
xgb_base,base,Hallands län,6,42.0,85.8143811907087,104.41517202951064,0.6900706678822153,32.78528236971412,XGBoost (bas)
xgb_base,base,Hela landet,1,47.0,2782.6314203789893,3525.9213626384267,0.7532115127627593,13.727528078530455,XGBoost (bas)
xgb_base,base,Hela landet,3,45.0,4439.8574001736115,5306.825645281882,1.2017947056675693,22.29219973155483,XGBoost (bas)
xgb_base,base,Hela landet,6,42.0,3911.2987118675596,4724.10179152193,1.0587227607857428,19.54742449035988,XGBoost (bas)
xgb_base,base,Jämtlands län,1,47.0,510.4543742727726,678.5484366238173,0.843182935273352,22.929179248777125,XGBoost (bas)
xgb_base,base,Jämtlands län,3,45.0,598.5947808159722,731.8524105890303,0.9887757452304821,26.391601441847527,XGBoost (bas)
xgb_base,base,Jämtlands län,6,42.0,600.0408586774554,740.6124475186236,0.991164417435743,25.521994256035306,XGBoost (bas)
xgb_base,base,Jönköpings län,1,47.0,167.42899468604554,229.5015559534562,0.6708985796303102,26.408591202995296,XGBoost (bas)
xgb_base,base,Jönköpings län,3,45.0,205.06242201063367,272.03652667845796,0.8216981050412515,31.598247102608845,XGBoost (bas)
xgb_base,base,Jönköpings län,6,42.0,214.42451549711683,264.33070331533287,0.8592126062435407,34.385767869052145,XGBoost (bas)
xgb_base,base,Kalmar län,1,47.0,173.37570190429688,213.64445731499362,0.6128185006202681,24.69648041466691,XGBoost (bas)
xgb_base,base,Kalmar län,3,45.0,200.6930935329861,238.49351712165324,0.7093753006497832,29.01321127024275,XGBoost (bas)
xgb_base,base,Kalmar län,6,42.0,252.01553780691964,283.8050849492608,0.890781016691125,35.1597343997763,XGBoost (bas)
xgb_base,base,Kronobergs län,1,47.0,112.503226422249,147.84345979712367,0.550525865382159,22.819217123584664,XGBoost (bas)
xgb_base,base,Kronobergs län,3,45.0,127.53528713650174,156.2831171659014,0.6240840956335408,26.030416974472008,XGBoost (bas)
xgb_base,base,Kronobergs län,6,42.0,148.94678896949404,178.72400836712256,0.728859629194671,30.030028195274895,XGBoost (bas)
xgb_base,base,Norra Norrland,1,47.0,1002.9687396110372,1366.7445122426234,0.8839457007123012,21.899687315626316,XGBoost (bas)
xgb_base,base,Norra Norrland,3,45.0,878.6460286458333,1160.341656347485,0.7743764574064645,18.589356550742092,XGBoost (bas)
xgb_base,base,Norra Norrland,6,42.0,896.4586414155506,1215.1053257581455,0.7900752343018947,19.727531829411006,XGBoost (bas)
xgb_base,base,Norrbottens län,1,47.0,331.67074909616025,409.6749658147437,0.5662148570135355,18.42514562838156,XGBoost (bas)
xgb_base,base,Norrbottens län,3,45.0,400.70858018663193,528.3558393745119,0.6840734434759874,21.52291768210029,XGBoost (bas)
xgb_base,base,Norrbottens län,6,42.0,307.9461015973772,392.1319962107357,0.5257131005944751,16.780766996148948,XGBoost (bas)
xgb_base,base,Skåne län,1,47.0,133.10016421054272,166.15800222348028,0.6572205843125052,30.068574198849323,XGBoost (bas)
xgb_base,base,Skåne län,3,45.0,146.6265333387587,204.0894250173796,0.7240109468548872,31.34281084911232,XGBoost (bas)
xgb_base,base,Skåne län,6,42.0,147.61104402087983,204.34923210223366,0.72887225329732,31.424378135549645,XGBoost (bas)
xgb_base,base,Stockholms län,1,47.0,96.30146562292221,122.80525257611875,0.9907212679603157,33.719970074014036,XGBoost (bas)
xgb_base,base,Stockholms län,3,45.0,110.61223720974392,136.30276378462958,1.137946293875308,37.89281581254665,XGBoost (bas)
xgb_base,base,Stockholms län,6,42.0,124.46766953241257,147.0025250478727,1.2804869228269122,41.89108500346179,XGBoost (bas)
xgb_base,base,Svealand,1,47.0,807.4402011303191,1035.2200728212745,0.777868031720994,15.473318060838565,XGBoost (bas)
xgb_base,base,Svealand,3,45.0,1088.3005696614584,1346.6697926799611,1.0484420033314183,21.712761992173952,XGBoost (bas)
xgb_base,base,Svealand,6,42.0,1028.711390904018,1274.43684875363,0.9910352540426997,20.259399729060146,XGBoost (bas)
xgb_base,base,Södermanlands län,1,47.0,140.4779984494473,184.70780747478736,0.8902472511833933,31.89513313590629,XGBoost (bas)
xgb_base,base,Södermanlands län,3,45.0,173.7581773546007,214.59085102795018,1.1011527888207777,38.63575859176994,XGBoost (bas)
xgb_base,base,Södermanlands län,6,42.0,236.80656396775018,279.7532920933201,1.500707548238159,48.68645908078004,XGBoost (bas)
xgb_base,base,Södra Norrland,1,47.0,1234.7552827875666,1845.8314025735306,0.9554213791247143,20.275930348184133,XGBoost (bas)
xgb_base,base,Södra Norrland,3,45.0,1762.609157986111,2383.9654286533687,1.3638609172653942,29.486326739415002,XGBoost (bas)
xgb_base,base,Södra Norrland,6,42.0,1770.146007719494,2333.955537432545,1.3696927346845251,28.504730894981307,XGBoost (bas)
xgb_base,base,Uppsala län,1,47.0,132.88177944751496,181.1869144962513,0.8298078945177162,21.93777725378698,XGBoost (bas)
xgb_base,base,Uppsala län,3,45.0,181.19334377712673,219.88004910562816,1.1314995007250717,28.89496965805613,XGBoost (bas)
xgb_base,base,Uppsala län,6,42.0,167.84728785923548,205.78504612495558,1.0481572802386636,28.34603934117346,XGBoost (bas)
xgb_base,base,Värmlands län,1,47.0,270.79554781000667,329.0669602094599,0.8061695729942172,18.885843690272843,XGBoost (bas)
xgb_base,base,Värmlands län,3,45.0,320.28069661458335,394.30393879722897,0.9534889126361324,22.4307727111348,XGBoost (bas)
xgb_base,base,Värmlands län,6,42.0,339.5061965215774,420.12980633724294,1.0107240229470895,23.600245273411392,XGBoost (bas)
xgb_base,base,Västerbottens län,1,47.0,776.2984021775266,1094.3226463988642,0.9259334293742568,28.121717385196654,XGBoost (bas)
xgb_base,base,Västerbottens län,3,45.0,762.783056640625,1056.4279252172553,0.9098129398729793,27.254901584699688,XGBoost (bas)
xgb_base,base,Västerbottens län,6,42.0,676.2515549432663,970.3156139429716,0.8066020999552423,25.48932407230441,XGBoost (bas)
xgb_base,base,Västernorrlands län,1,47.0,387.74627166098736,550.8692567572034,0.675117453461555,21.058332435991332,XGBoost (bas)
xgb_base,base,Västernorrlands län,3,45.0,511.40980631510416,694.6893647134598,0.8904319947055169,26.11381111637005,XGBoost (bas)
xgb_base,base,Västernorrlands län,6,42.0,527.3801632835751,740.8484553103598,0.9182384947686636,26.62798766806781,XGBoost (bas)
xgb_base,base,Västmanlands län,1,47.0,92.07992748503989,121.2146972360949,0.44624338539692965,25.88718908980812,XGBoost (bas)
xgb_base,base,Västmanlands län,3,45.0,102.3551510281033,141.8612582446828,0.4960398031918047,27.886506218039152,XGBoost (bas)
xgb_base,base,Västmanlands län,6,42.0,143.9350298926944,310.12082654453394,0.6975467593299265,32.63008563100671,XGBoost (bas)
xgb_base,base,Västra Götalands län,1,47.0,276.496405418883,318.6690678638481,0.6557754191955177,21.0582407642067,XGBoost (bas)
xgb_base,base,Västra Götalands län,3,45.0,309.0403618706597,368.6408484226986,0.7329609676011574,23.65442154335547,XGBoost (bas)
xgb_base,base,Västra Götalands län,6,42.0,330.0415271577381,399.7927997229629,0.7827701068876662,25.39771809532664,XGBoost (bas)
xgb_base,base,Örebro län,1,47.0,119.37365527863199,148.83390467101148,0.604414926034609,22.888921661937,XGBoost (bas)
xgb_base,base,Örebro län,3,45.0,135.94400363498264,165.56899277711574,0.6883142240228824,25.73045850805945,XGBoost (bas)
xgb_base,base,Örebro län,6,42.0,144.5843004499163,177.36692406312685,0.73206193659921,27.36827456995495,XGBoost (bas)
xgb_base,base,Östergötlands län,1,47.0,168.8015500332447,204.69608053382254,0.8178324899648074,25.08436944400893,XGBoost (bas)
xgb_base,base,Östergötlands län,3,45.0,210.59195692274307,258.2569151839464,1.0203042831228073,31.249111310169837,XGBoost (bas)
xgb_base,base,Östergötlands län,6,42.0,205.33087666829428,262.58828401021395,0.9948146927514325,31.123193016575428,XGBoost (bas)
xgb_full,full,Blekinge län,1,47.0,57.3885223713327,79.58626672599894,0.5669030282244607,27.596583049069324,XGBoost + väder+pris
xgb_full,full,Blekinge län,3,45.0,78.87206522623698,96.0229181407344,0.7791246537026424,37.556946340152784,XGBoost + väder+pris
xgb_full,full,Blekinge län,6,42.0,79.81311525617328,98.07041960729747,0.7884206608071587,38.43269732519713,XGBoost + väder+pris
xgb_full,full,Dalarnas län,1,47.0,400.09894318276264,752.0457731343928,0.985547663985596,21.36692451917395,XGBoost + väder+pris
xgb_full,full,Dalarnas län,3,45.0,529.0508897569445,931.166697464572,1.3031898169530611,29.285849395082252,XGBoost + väder+pris
xgb_full,full,Dalarnas län,6,42.0,513.7365315755209,942.8462660436562,1.2654665732696948,28.141026209388308,XGBoost + väder+pris
xgb_full,full,Gotlands län,1,47.0,41.238351740735645,53.33976417071771,0.8951665756818995,43.2804090579961,XGBoost + väder+pris
xgb_full,full,Gotlands län,3,45.0,43.96414992014567,53.19806305553349,0.9543358518353916,48.915141697175365,XGBoost + väder+pris
xgb_full,full,Gotlands län,6,42.0,50.291361808776855,59.05033061267216,1.091681510933714,54.20419782992285,XGBoost + väder+pris
xgb_full,full,Gävleborgs län,1,47.0,637.3381243766622,1332.9108548699646,1.2186197406819546,27.857631152423103,XGBoost + väder+pris
xgb_full,full,Gävleborgs län,3,45.0,801.5929280598958,1685.8212882159244,1.5326824628296287,36.09249077845445,XGBoost + väder+pris
xgb_full,full,Gävleborgs län,6,42.0,760.7574244907925,1658.4247752491328,1.4546031061009417,32.127578882679245,XGBoost + väder+pris
xgb_full,full,Götaland,1,47.0,795.2723986037234,1024.2805342189874,0.5316072274908948,16.65703837732485,XGBoost + väder+pris
xgb_full,full,Götaland,3,45.0,1002.1333984375,1192.0272248711403,0.6698853857555384,21.18239386290373,XGBoost + väder+pris
xgb_full,full,Götaland,6,42.0,1162.4900948660713,1385.2738824443227,0.77707731011713,24.433209658233185,XGBoost + väder+pris
xgb_full,full,Hallands län,1,47.0,70.2582985086644,86.22989102532674,0.5649774583632546,27.64666026676299,XGBoost + väder+pris
xgb_full,full,Hallands län,3,45.0,64.847607421875,86.14921088941104,0.521467744022165,26.026698892185824,XGBoost + väder+pris
xgb_full,full,Hallands län,6,42.0,81.37540944417317,102.39196165748449,0.6543749703156899,31.680525064051672,XGBoost + väder+pris
xgb_full,full,Hela landet,1,47.0,3299.2703623670213,3967.8133251614872,0.8930569828444409,16.037528908329747,XGBoost + väder+pris
xgb_full,full,Hela landet,3,45.0,4340.957096354166,5177.214318592651,1.1750240572421322,21.776631288255253,XGBoost + väder+pris
xgb_full,full,Hela landet,6,42.0,3843.7018694196427,4606.248646382429,1.0404254327295366,19.129596867631836,XGBoost + väder+pris
xgb_full,full,Jämtlands län,1,47.0,502.0364652593085,641.8774430801906,0.8292779956968251,22.620731249179784,XGBoost + väder+pris
xgb_full,full,Jämtlands län,3,45.0,581.7205430772569,710.7280201948495,0.9609024033136838,26.112196885185913,XGBoost + väder+pris
xgb_full,full,Jämtlands län,6,42.0,559.1289091564361,686.0889893052429,0.9235849050963024,24.346335494785997,XGBoost + väder+pris
xgb_full,full,Jönköpings län,1,47.0,187.75512565450467,250.79673504178825,0.7523466730247063,29.014992522033427,XGBoost + väder+pris
xgb_full,full,Jönköpings län,3,45.0,211.54810791015626,283.7729247925148,0.8476866589716938,32.038891036427195,XGBoost + väder+pris
xgb_full,full,Jönköpings län,6,42.0,201.70919436500185,255.35436662331546,0.8082615096125448,32.664448333744076,XGBoost + väder+pris
xgb_full,full,Kalmar län,1,47.0,175.23396138941987,210.72566639073327,0.619386755450262,24.831968327589816,XGBoost + väder+pris
xgb_full,full,Kalmar län,3,45.0,217.93021986219617,246.71303703646927,0.7703021190911559,30.847310816123773,XGBoost + väder+pris
xgb_full,full,Kalmar län,6,42.0,223.17233276367188,254.33559305589068,0.7888310348104864,31.721465263253883,XGBoost + väder+pris
xgb_full,full,Kronobergs län,1,47.0,124.17246652156749,161.11975977962294,0.6076283922014167,25.22702896572756,XGBoost + väder+pris
xgb_full,full,Kronobergs län,3,45.0,126.32360975477431,155.09913382487457,0.6181548457768669,26.012011304259307,XGBoost + väder+pris
xgb_full,full,Kronobergs län,6,42.0,138.64661371140252,169.84425215639274,0.6784565156318113,28.50632749577877,XGBoost + väder+pris
xgb_full,full,Norra Norrland,1,47.0,920.8708599983378,1236.541241047424,0.8115904369287207,20.035786215675095,XGBoost + väder+pris
xgb_full,full,Norra Norrland,3,45.0,920.6761447482639,1284.9821442120842,0.8114188286807581,19.657667577711845,XGBoost + väder+pris
xgb_full,full,Norra Norrland,6,42.0,923.9359130859375,1234.9316458286592,0.8142917579093621,20.66392211163901,XGBoost + väder+pris
xgb_full,full,Norrbottens län,1,47.0,303.1416587017952,374.7543912704986,0.517511150453967,17.11779238792203,XGBoost + väder+pris
xgb_full,full,Norrbottens län,3,45.0,381.0860297309028,475.01382668590213,0.6505746208309121,21.22317499556203,XGBoost + väder+pris
xgb_full,full,Norrbottens län,6,42.0,284.61425345284596,369.28963176876914,0.4858819153090126,15.428292877010813,XGBoost + väder+pris
xgb_full,full,Skåne län,1,47.0,132.1686628625748,162.35162511809946,0.6526210268000819,29.59167128442417,XGBoost + väder+pris
xgb_full,full,Skåne län,3,45.0,165.46788872612848,222.9709788569531,0.8170455923819879,34.3757708096181,XGBoost + väder+pris
xgb_full,full,Skåne län,6,42.0,144.48776644752138,208.20260695119856,0.7134501663005993,31.848619329035767,XGBoost + väder+pris
xgb_full,full,Stockholms län,1,47.0,92.7281685687126,113.19443316999839,0.9539602346214549,32.68867246347214,XGBoost + väder+pris
xgb_full,full,Stockholms län,3,45.0,102.6982920328776,128.15019187147223,1.0565299441917662,36.30400431600712,XGBoost + väder+pris
xgb_full,full,Stockholms län,6,42.0,102.60534250168573,120.69767889980929,1.055573706643323,36.8878104238514,XGBoost + väder+pris
xgb_full,full,Svealand,1,47.0,782.7597812084441,1032.32961038225,0.7540915221543394,15.577976229230833,XGBoost + väder+pris
xgb_full,full,Svealand,3,45.0,1073.3209635416667,1372.1966544173574,1.0340110192015144,21.444408334078798,XGBoost + väder+pris
xgb_full,full,Svealand,6,42.0,1003.9615187872024,1334.0078873634232,0.9671918359395351,20.090662696048735,XGBoost + väder+pris
xgb_full,full,Södermanlands län,1,47.0,117.8645845778445,142.4683363813104,0.7469399022656097,28.977878468434216,XGBoost + väder+pris
xgb_full,full,Södermanlands län,3,45.0,143.0451148139106,176.31996257392302,0.9065157652009372,33.69586014456671,XGBoost + väder+pris
xgb_full,full,Södermanlands län,6,42.0,183.72828492664155,227.51019628320876,1.1643360698895653,40.47840866092546,XGBoost + väder+pris
xgb_full,full,Södra Norrland,1,47.0,1284.3479575299202,1793.8483372005157,0.9937948952030211,20.800839945373834,XGBoost + väder+pris
xgb_full,full,Södra Norrland,3,45.0,1538.1769585503473,2078.9019912723293,1.1902011447630874,25.480964687250683,XGBoost + väder+pris
xgb_full,full,Södra Norrland,6,42.0,1623.9905598958333,2305.1996670729127,1.2566014675542296,26.221871122725045,XGBoost + väder+pris
xgb_full,full,Uppsala län,1,47.0,124.45042127244015,175.9201229851475,0.7771565257275581,20.696350479921026,XGBoost + väder+pris
xgb_full,full,Uppsala län,3,45.0,147.2605712890625,187.7466804674242,0.9195992491590482,24.481174253332973,XGBoost + väder+pris
xgb_full,full,Uppsala län,6,42.0,175.49295843215216,210.97422205842958,1.0959022594725845,29.25863512058652,XGBoost + väder+pris
xgb_full,full,Värmlands län,1,47.0,250.48376594705783,308.4060003816545,0.7457005562632115,17.738127670011664,XGBoost + väder+pris
xgb_full,full,Värmlands län,3,45.0,319.8413777669271,393.08319135950154,0.9521810422125322,22.57695535792842,XGBoost + väder+pris
xgb_full,full,Värmlands län,6,42.0,302.2577412923177,361.1776184658923,0.8998338274113235,21.55717668062773,XGBoost + väder+pris
xgb_full,full,Västerbottens län,1,47.0,675.6649585480386,1003.9210496675674,0.8059024344524303,24.260261507347046,XGBoost + väder+pris
xgb_full,full,Västerbottens län,3,45.0,805.7875298394097,1127.6878256144607,0.9611067197335206,28.480917558391262,XGBoost + väder+pris
xgb_full,full,Västerbottens län,6,42.0,830.104509626116,1091.1849664986532,0.9901109073278427,30.415515958383466,XGBoost + väder+pris
xgb_full,full,Västernorrlands län,1,47.0,479.5042153216423,663.5683517512598,0.8348801482611372,25.073730569843317,XGBoost + väder+pris
xgb_full,full,Västernorrlands län,3,45.0,527.7021999782986,727.2093266211941,0.9187992031729806,26.370902617764706,XGBoost + väder+pris
xgb_full,full,Västernorrlands län,6,42.0,552.1122901553199,760.2681281421034,0.9613003930580144,27.317325601171312,XGBoost + väder+pris
xgb_full,full,Västmanlands län,1,47.0,95.29631334670047,140.97877300475287,0.46183083159559685,25.837649910122767,XGBoost + väder+pris
xgb_full,full,Västmanlands län,3,45.0,86.48650919596354,119.54081956092226,0.4191362190314472,24.657717757282335,XGBoost + väder+pris
xgb_full,full,Västmanlands län,6,42.0,133.90642983572823,279.53975605016416,0.6489455433815376,31.063915608955323,XGBoost + väder+pris
xgb_full,full,Västra Götalands län,1,47.0,269.6980616792719,324.1420985091375,0.6396515686560336,20.48306229257883,XGBoost + väder+pris
xgb_full,full,Västra Götalands län,3,45.0,316.914794921875,375.99354739524364,0.7516370137771091,24.238265808654326,XGBoost + väder+pris
xgb_full,full,Västra Götalands län,6,42.0,324.2483287992932,396.0310258631652,0.7690301919826729,24.791167239295568,XGBoost + väder+pris
xgb_full,full,Örebro län,1,47.0,119.41175160509475,145.52860618571052,0.6046078160679035,22.575285041419352,XGBoost + väder+pris
xgb_full,full,Örebro län,3,45.0,116.67119208441841,148.73342322439228,0.5907317638006195,22.593607893019286,XGBoost + väder+pris
xgb_full,full,Örebro län,6,42.0,134.09100777762276,177.59119601633614,0.6789321007105449,24.508658029146066,XGBoost + väder+pris
xgb_full,full,Östergötlands län,1,47.0,155.28314403777426,195.33204737014518,0.7523366954448318,23.112523455477387,XGBoost + väder+pris
xgb_full,full,Östergötlands län,3,45.0,213.9404513888889,258.821032343676,1.0365275202100384,31.12722164757547,XGBoost + väder+pris
xgb_full,full,Östergötlands län,6,42.0,219.19173467726935,269.47397453861873,1.0619696449203917,32.4431975860672,XGBoost + väder+pris
xgb_wx,wx,Blekinge län,1,47.0,56.99129015334109,80.24241595437222,0.5629790354471131,27.190098339184352,XGBoost + väder
xgb_wx,wx,Blekinge län,3,45.0,77.82456495496962,98.91179015356403,0.7687770954922213,36.2448549178906,XGBoost + väder
xgb_wx,wx,Blekinge län,6,42.0,78.66501217796689,97.7298049720623,0.7770793144045172,36.50933740834395,XGBoost + väder
xgb_wx,wx,Dalarnas län,1,47.0,410.86120475606714,763.0304350108453,1.0120579108470258,22.19528291885143,XGBoost + väder
xgb_wx,wx,Dalarnas län,3,45.0,567.289118109809,933.5511145324274,1.397380509706026,31.437782032036182,XGBoost + väder
xgb_wx,wx,Dalarnas län,6,42.0,524.3499116443452,963.9522424788164,1.2916100862982784,28.13473934703562,XGBoost + väder
xgb_wx,wx,Gotlands län,1,47.0,41.5081201106944,54.08213436706885,0.9010224748090395,44.96284633868834,XGBoost + väder
xgb_wx,wx,Gotlands län,3,45.0,42.30291413201226,52.74922730280632,0.9182751779943794,46.391142231896445,XGBoost + väder
xgb_wx,wx,Gotlands län,6,42.0,47.36850020999,57.516397412583714,1.0282345520196505,53.4821118512255,XGBoost + väder
xgb_wx,wx,Gävleborgs län,1,47.0,634.8143557284741,1338.6636766646716,1.2137941792131435,28.86785672111304,XGBoost + väder
xgb_wx,wx,Gävleborgs län,3,45.0,811.8916259765625,1714.4036183358007,1.5523740458442878,36.406961239848926,XGBoost + väder
xgb_wx,wx,Gävleborgs län,6,42.0,764.277595156715,1704.41183506677,1.461333833951654,32.26592349201696,XGBoost + väder
xgb_wx,wx,Götaland,1,47.0,850.4342015043218,1095.118810447727,0.5684806474094934,17.956380807771794,XGBoost + väder
xgb_wx,wx,Götaland,3,45.0,1111.6743489583334,1340.2768446188807,0.7431090523952182,23.170968819831867,XGBoost + väder
xgb_wx,wx,Götaland,6,42.0,1236.6420840308779,1477.201128353345,0.8266448965718438,25.73053132539917,XGBoost + väder
xgb_wx,wx,Hallands län,1,47.0,68.58542129841257,84.3458503409541,0.5515251269737416,27.290039173968967,XGBoost + väder
xgb_wx,wx,Hallands län,3,45.0,73.46159023708768,92.28383982825036,0.5907365168308809,28.786957016907085,XGBoost + väder
xgb_wx,wx,Hallands län,6,42.0,83.99742162795295,104.82654995076662,0.6754597077891814,31.970759249097863,XGBoost + väder
xgb_wx,wx,Hela landet,1,47.0,3189.3523936170213,3937.9411524509096,0.8633040378745602,15.58885842018691,XGBoost + väder
xgb_wx,wx,Hela landet,3,45.0,4374.916232638889,5234.36208012109,1.1842162241334442,21.714220169924538,XGBoost + väder
xgb_wx,wx,Hela landet,6,42.0,3861.018112909226,4733.8727157511585,1.045112648527733,19.01787049155618,XGBoost + väder
xgb_wx,wx,Jämtlands län,1,47.0,490.53796126994683,651.8790550835377,0.8102844424359389,22.25320066897214,XGBoost + väder
xgb_wx,wx,Jämtlands län,3,45.0,552.5438666449653,704.2216264988039,0.912707546112687,24.96148393870439,XGBoost + väder
xgb_wx,wx,Jämtlands län,6,42.0,591.9439958844866,712.0491755766054,0.9777897910629014,25.52960558590466,XGBoost + väder
xgb_wx,wx,Jönköpings län,1,47.0,175.40690904982546,241.74613611892414,0.702866587472134,27.456546497882478,XGBoost + väder
xgb_wx,wx,Jönköpings län,3,45.0,211.8603976779514,289.0607380476685,0.8489380238385719,32.13928328620976,XGBoost + väder
xgb_wx,wx,Jönköpings län,6,42.0,214.51300339471726,267.68449350093925,0.8595671828503341,34.171149147812,XGBoost + väder
xgb_wx,wx,Kalmar län,1,47.0,170.77093051342254,209.43146778154744,0.60361160437886,24.278746421490276,XGBoost + väder
xgb_wx,wx,Kalmar län,3,45.0,224.6887186686198,259.3350396481808,0.7941908939281433,31.514819791813593,XGBoost + väder
xgb_wx,wx,Kalmar län,6,42.0,256.78102039155505,289.3065205530081,0.9076252218488945,35.52787423596004,XGBoost + väder
xgb_wx,wx,Kronobergs län,1,47.0,132.4001750540226,168.8323887487609,0.6478900496132813,26.611194221988775,XGBoost + väder
xgb_wx,wx,Kronobergs län,3,45.0,132.5976616753472,158.52993942667595,0.648856435170066,27.023979989398246,XGBoost + väder
xgb_wx,wx,Kronobergs län,6,42.0,147.91185724167596,171.65970639954725,0.7237952705697007,29.699921473883666,XGBoost + väder
xgb_wx,wx,Norra Norrland,1,47.0,986.9319626828458,1304.514838889681,0.8698120199113875,21.54017228698869,XGBoost + väder
xgb_wx,wx,Norra Norrland,3,45.0,896.2736111111111,1217.192691713609,0.7899121616799363,18.870692289868607,XGBoost + väder
xgb_wx,wx,Norra Norrland,6,42.0,861.7106236049107,1146.1986951410522,0.759450789352692,19.02544882388616,XGBoost + väder
xgb_wx,wx,Norrbottens län,1,47.0,315.81375316863364,385.18821425617546,0.5391444364044343,17.519497175913333,XGBoost + väder
xgb_wx,wx,Norrbottens län,3,45.0,404.8012980143229,485.68388977727074,0.6910603654337358,22.490075361576327,XGBoost + väder
xgb_wx,wx,Norrbottens län,6,42.0,343.93817138671875,414.66433846843734,0.5871573030299594,18.450899553071455,XGBoost + väder
xgb_wx,wx,Skåne län,1,47.0,125.89603602632563,159.34481586628291,0.6216481162935791,28.813066196951382,XGBoost + väder
xgb_wx,wx,Skåne län,3,45.0,150.29265882703993,215.69932674714101,0.7421135025494077,31.310723192843227,XGBoost + väder
xgb_wx,wx,Skåne län,6,42.0,136.47448512486048,200.88515323418744,0.6738822704653324,29.052051135288114,XGBoost + väder
xgb_wx,wx,Stockholms län,1,47.0,93.3077941245221,117.21372612990987,0.9599232525452144,33.333801395520034,XGBoost + väder
xgb_wx,wx,Stockholms län,3,45.0,110.69761928982204,135.9887083187461,1.1388246797034876,37.82693773230763,XGBoost + väder
xgb_wx,wx,Stockholms län,6,42.0,128.05081939697266,146.73217651947954,1.3173493189923953,42.76701753144578,XGBoost + väder
xgb_wx,wx,Svealand,1,47.0,803.5951317320479,1069.2191540086587,0.7741637864276869,15.73922837793921,XGBoost + väder
xgb_wx,wx,Svealand,3,45.0,1088.658474392361,1375.7089411702957,1.0487867999469214,21.445404660232583,XGBoost + väder
xgb_wx,wx,Svealand,6,42.0,1031.1134963262648,1394.554542221088,0.9933493833295173,20.131231637349195,XGBoost + väder
xgb_wx,wx,Södermanlands län,1,47.0,145.34340765121135,187.02588494507305,0.9210806714738421,33.78763923295196,XGBoost + väder
xgb_wx,wx,Södermanlands län,3,45.0,174.0575636121962,220.98082898556075,1.1030500808936172,38.13690396270106,XGBoost + väder
xgb_wx,wx,Södermanlands län,6,42.0,234.98888215564546,281.5702040944164,1.4891884046383548,48.19413885028583,XGBoost + väder
xgb_wx,wx,Södra Norrland,1,47.0,1284.362320270944,1835.5704100523747,0.9938060087167905,21.243324954222064,XGBoost + väder
xgb_wx,wx,Södra Norrland,3,45.0,1577.575949435764,2217.4821841161192,1.220687054588786,26.753408501588684,XGBoost + väder
xgb_wx,wx,Södra Norrland,6,42.0,1716.9962855747767,2327.4276206838053,1.328566868256191,27.56765825978699,XGBoost + väder
xgb_wx,wx,Uppsala län,1,47.0,129.61285465321643,181.540954220878,0.8093944141130154,21.278209082882608,XGBoost + väder
xgb_wx,wx,Uppsala län,3,45.0,176.17979397243923,213.58149748042953,1.1001913467796267,28.646180407091414,XGBoost + väder
xgb_wx,wx,Uppsala län,6,42.0,176.70303490048363,214.36069424820198,1.1034588335233417,29.33562569898352,XGBoost + väder
xgb_wx,wx,Värmlands län,1,47.0,266.15769926030583,325.52763867534776,0.7923625055768924,18.802737350345375,XGBoost + väder
xgb_wx,wx,Värmlands län,3,45.0,318.6080213758681,396.17736490406315,0.9485092891014827,22.369730238912066,XGBoost + väder
xgb_wx,wx,Värmlands län,6,42.0,330.2400425502232,407.40281507078885,0.9831382984002945,22.9209814470306,XGBoost + väder
xgb_wx,wx,Västerbottens län,1,47.0,636.9160883477393,959.8236510535353,0.7596845443108295,23.028637885079394,XGBoost + väder
xgb_wx,wx,Västerbottens län,3,45.0,705.6134521484375,1024.2441488075103,0.841623635611967,24.683690988675426,XGBoost + väder
xgb_wx,wx,Västerbottens län,6,42.0,670.7609601702009,963.4271474219421,0.8000531682129273,25.22600571362984,XGBoost + väder
xgb_wx,wx,Västernorrlands län,1,47.0,436.46833703873006,587.9144586972269,0.7599490021036733,23.45606427141726,XGBoost + väder
xgb_wx,wx,Västernorrlands län,3,45.0,503.2303982204861,708.4268236785475,0.876190565277952,25.544308720565134,XGBoost + väder
xgb_wx,wx,Västernorrlands län,6,42.0,514.8676060267857,737.6852645096144,0.8964524805400566,26.19044425237761,XGBoost + väder
xgb_wx,wx,Västmanlands län,1,47.0,102.69011087620513,158.35595146946832,0.49766310612732545,27.317009788841684,XGBoost + väder
xgb_wx,wx,Västmanlands län,3,45.0,99.2893290201823,136.01715990549613,0.48118202876467614,27.544813186796453,XGBoost + väder
xgb_wx,wx,Västmanlands län,6,42.0,148.57066962832496,309.99397772376886,0.7200122805961591,34.094658822541454,XGBoost + väder
xgb_wx,wx,Västra Götalands län,1,47.0,274.3844033099235,322.5915037999573,0.6507663158538433,20.905746126613572,XGBoost + väder
xgb_wx,wx,Västra Götalands län,3,45.0,331.6300998263889,395.00402450564553,0.7865377757878418,25.077286955609583,XGBoost + väder
xgb_wx,wx,Västra Götalands län,6,42.0,336.1189894903274,393.5115603276004,0.7971842198044722,25.989462683831597,XGBoost + väder
xgb_wx,wx,Örebro län,1,47.0,123.13464160675699,151.42683770094482,0.6234576224153552,23.183752878550283,XGBoost + väder
xgb_wx,wx,Örebro län,3,45.0,124.02674560546875,155.65002425562767,0.6279745400814682,23.91133206636267,XGBoost + väder
xgb_wx,wx,Örebro län,6,42.0,146.14207167852493,190.37733616078037,0.7399492730447654,26.32115251618484,XGBoost + väder
xgb_wx,wx,Östergötlands län,1,47.0,158.55240842129322,196.05134528130125,0.7681760679541483,23.58885358020805,XGBoost + väder
xgb_wx,wx,Östergötlands län,3,45.0,216.70335625542535,264.85335350403585,1.0499136139164669,32.17413481829648,XGBoost + väder
xgb_wx,wx,Östergötlands län,6,42.0,216.83780997140067,267.80670825586145,1.0505650333927659,32.33778460775131,XGBoost + väder
